run,output_dir,saved_index,step,peak_k,masked_kmin,masked_kmax,fit_kmin,fit_kmax,fit_points,residual_energy,masked_slope,masked_r_squared
nu_7.5e-05_f_0.003_m_2,outputs_spectra_refined/nu_7.5e-05_f_0.003_m_2,0,0,3.0,2.0,4.0,6,40,35,1.8463774199548515e-12,-0.9310278962707045,0.9222492203087669
nu_7.5e-05_f_0.003_m_2,outputs_spectra_refined/nu_7.5e-05_f_0.003_m_2,1,1000,3.0,2.0,4.0,6,40,35,1.7051515504091106e-12,-0.9927834122520952,0.9301545949571235
nu_7.5e-05_f_0.003_m_2,outputs_spectra_refined/nu_7.5e-05_f_0.003_m_2,2,2000,3.0,2.0,4.0,6,40,35,1.6024380581177335e-12,-1.0545486279886196,0.9356237458425438
nu_7.5e-05_f_0.003_m_2,outputs_spectra_refined/nu_7.5e-05_f_0.003_m_2,3,3000,3.0,2.0,4.0,6,40,35,1.524372625011398e-12,-1.1163239851199516,0.9392484012293707
nu_7.5e-05_f_0.003_m_2,outputs_spectra_refined/nu_7.5e-05_f_0.003_m_2,4,4000,3.0,2.0,4.0,6,40,35,1.4627680083210596e-12,-1.1781088855624864,0.9414755507518894
nu_7.5e-05_f_0.003_m_2,outputs_spectra_refined/nu_7.5e-05_f_0.003_m_2,5,5000,3.0,2.0,4.0,6,40,35,1.4125966838134305e-12,-1.2399016222508388,0.9426439197996935
nu_7.5e-05_f_0.003_m_2,outputs_spectra_refined/nu_7.5e-05_f_0.003_m_2,6,6000,3.0,2.0,4.0,6,40,35,1.370655277922464e-12,-1.3016993011735494,0.9430113536248955
nu_7.5e-05_f_0.003_m_2,outputs_spectra_refined/nu_7.5e-05_f_0.003_m_2,7,7000,3.0,2.0,4.0,6,40,35,1.334831005574046e-12,-1.3634977676604076,0.9427751889721304
nu_7.5e-05_f_0.003_m_2,outputs_spectra_refined/nu_7.5e-05_f_0.003_m_2,8,8000,3.0,2.0,4.0,6,40,35,1.3036850192864771e-12,-1.425291554655044,0.9420873475603065
nu_7.5e-05_f_0.003_m_2,outputs_spectra_refined/nu_7.5e-05_f_0.003_m_2,9,9000,3.0,2.0,4.0,6,40,35,1.2762080613736409e-12,-1.487073875411834,0.9410655033360051
nu_7.5e-05_f_0.003_m_2,outputs_spectra_refined/nu_7.5e-05_f_0.003_m_2,10,10000,3.0,2.0,4.0,6,40,35,1.2516727627184181e-12,-1.5488366869312005,0.9398013413199525
nu_7.5e-05_f_0.003_m_2,outputs_spectra_refined/nu_7.5e-05_f_0.003_m_2,11,11000,3.0,2.0,4.0,6,40,35,1.2295417867765262e-12,-1.6105708523005522,0.9383666614550165
nu_7.5e-05_f_0.003_m_2,outputs_spectra_refined/nu_7.5e-05_f_0.003_m_2,12,12000,3.0,2.0,4.0,6,40,35,1.209409161579643e-12,-1.6722664284409807,0.936817882404626
nu_7.5e-05_f_0.003_m_2,outputs_spectra_refined/nu_7.5e-05_f_0.003_m_2,13,13000,3.0,2.0,4.0,6,40,35,1.1909618624685478e-12,-1.7339130989592513,0.9351993561938468
nu_7.5e-05_f_0.003_m_2,outputs_spectra_refined/nu_7.5e-05_f_0.003_m_2,14,14000,3.0,2.0,4.0,6,40,35,1.1739540613320323e-12,-1.7955007586610803,0.9335458022299736
nu_7.5e-05_f_0.003_m_2,outputs_spectra_refined/nu_7.5e-05_f_0.003_m_2,15,15000,3.0,2.0,4.0,6,40,35,1.1581894848047362e-12,-1.8570202365315907,0.9318840969058204
nu_7.5e-05_f_0.003_m_2,outputs_spectra_refined/nu_7.5e-05_f_0.003_m_2,16,16000,3.0,2.0,4.0,6,40,35,1.1435090783175009e-12,-1.9184641190334168,0.9302346026310098
nu_7.5e-05_f_0.003_m_2,outputs_spectra_refined/nu_7.5e-05_f_0.003_m_2,17,17000,3.0,2.0,4.0,6,40,35,1.129782213922157e-12,-1.9798276085548732,0.9286121797072386
nu_7.5e-05_f_0.003_m_2,outputs_spectra_refined/nu_7.5e-05_f_0.003_m_2,18,18000,3.0,2.0,4.0,6,40,35,1.1169003112324895e-12,-2.0411093272314416,0.927026990561408
nu_7.5e-05_f_0.003_m_2,outputs_spectra_refined/nu_7.5e-05_f_0.003_m_2,19,19000,3.0,2.0,4.0,6,40,35,1.1047721318046757e-12,-2.102311958490402,0.9254851763556005
nu_7.5e-05_f_0.003_m_2,outputs_spectra_refined/nu_7.5e-05_f_0.003_m_2,20,20000,3.0,2.0,4.0,6,40,35,1.093320254102699e-12,-2.1634426100480266,0.9239894620211391
nu_7.5e-05_f_0.003_m_2,outputs_spectra_refined/nu_7.5e-05_f_0.003_m_2,21,21000,3.0,2.0,4.0,6,40,35,1.0824783949229737e-12,-2.2245127825155855,0.9225397300918634
nu_7.5e-05_f_0.003_m_2,outputs_spectra_refined/nu_7.5e-05_f_0.003_m_2,22,22000,3.0,2.0,4.0,6,40,35,1.0721893470056528e-12,-2.2855378356491447,0.9211335975093469
nu_7.5e-05_f_0.003_m_2,outputs_spectra_refined/nu_7.5e-05_f_0.003_m_2,23,23000,3.0,2.0,4.0,6,40,35,1.0624033716375198e-12,-2.3465358606422004,0.9197670286736042
nu_7.5e-05_f_0.003_m_2,outputs_spectra_refined/nu_7.5e-05_f_0.003_m_2,24,24000,3.0,2.0,4.0,6,40,35,1.0530769317384342e-12,-2.407525900123395,0.9184350111998865
nu_7.5e-05_f_0.003_m_2,outputs_spectra_refined/nu_7.5e-05_f_0.003_m_2,25,25000,3.0,2.0,4.0,6,40,35,1.0441716829445174e-12,-2.46852552470644,0.9171322931586601
nu_7.5e-05_f_0.003_m_2,outputs_spectra_refined/nu_7.5e-05_f_0.003_m_2,26,26000,3.0,2.0,4.0,6,40,35,1.0356536624773105e-12,-2.529547893981279,0.9158541230810345
nu_7.5e-05_f_0.003_m_2,outputs_spectra_refined/nu_7.5e-05_f_0.003_m_2,27,27000,3.0,2.0,4.0,6,40,35,1.0274926313078455e-12,-2.5905985993768423,0.9145968579859838
nu_7.5e-05_f_0.003_m_2,outputs_spectra_refined/nu_7.5e-05_f_0.003_m_2,28,28000,3.0,2.0,4.0,6,40,35,1.0196615363337177e-12,-2.651672757859615,0.9133582533578746
nu_7.5e-05_f_0.003_m_2,outputs_spectra_refined/nu_7.5e-05_f_0.003_m_2,29,29000,3.0,2.0,4.0,6,40,35,1.0121360674341688e-12,-2.7127528860866827,0.9121372935384643
nu_7.5e-05_f_0.003_m_2,outputs_spectra_refined/nu_7.5e-05_f_0.003_m_2,30,30000,3.0,2.0,4.0,6,40,35,1.0048942901812097e-12,-2.7738078844644747,0.9109336249443878
nu_7.5e-05_f_0.003_m_2,outputs_spectra_refined/nu_7.5e-05_f_0.003_m_2,31,31000,3.0,2.0,4.0,6,40,35,9.979163393879757e-13,-2.8347929188512384,0.9097470020229026
nu_7.5e-05_f_0.003_m_2,outputs_spectra_refined/nu_7.5e-05_f_0.003_m_2,32,32000,3.0,2.0,4.0,6,40,35,9.911841619659564e-13,-2.895649258879154,0.9085774788507238
nu_7.5e-05_f_0.003_m_2,outputs_spectra_refined/nu_7.5e-05_f_0.003_m_2,33,33000,3.0,2.0,4.0,6,40,35,9.846813000390703e-13,-2.9563027042421064,0.9074270723400107
nu_7.5e-05_f_0.003_m_2,outputs_spectra_refined/nu_7.5e-05_f_0.003_m_2,34,34000,3.0,2.0,4.0,6,40,35,9.783927071338104e-13,-3.016659753434716,0.9063030265824205
nu_7.5e-05_f_0.003_m_2,outputs_spectra_refined/nu_7.5e-05_f_0.003_m_2,35,35000,3.0,2.0,4.0,6,40,35,9.723045917447218e-13,-3.07660244772022,0.9052216947665346
nu_7.5e-05_f_0.003_m_2,outputs_spectra_refined/nu_7.5e-05_f_0.003_m_2,36,36000,3.0,2.0,4.0,6,40,35,9.66404283673393e-13,-3.135985276607734,0.9042109658477385
nu_7.5e-05_f_0.003_m_2,outputs_spectra_refined/nu_7.5e-05_f_0.003_m_2,37,37000,3.0,2.0,4.0,6,40,35,9.606801194239048e-13,-3.1946391454617546,0.9033088752523735
nu_7.5e-05_f_0.003_m_2,outputs_spectra_refined/nu_7.5e-05_f_0.003_m_2,38,38000,3.0,2.0,4.0,6,40,35,9.551213436316116e-13,-3.2523864152210966,0.9025570845225346
nu_7.5e-05_f_0.003_m_2,outputs_spectra_refined/nu_7.5e-05_f_0.003_m_2,39,39000,3.0,2.0,4.0,6,40,35,9.497180240384393e-13,-3.309066574728541,0.9019901824869345
nu_7.5e-05_f_0.003_m_2,outputs_spectra_refined/nu_7.5e-05_f_0.003_m_2,40,40000,3.0,2.0,4.0,6,40,35,9.44460977978042e-13,-3.3645653973766154,0.9016243642997007
nu_7.5e-05_f_0.003_m_2,outputs_spectra_refined/nu_7.5e-05_f_0.003_m_2,41,41000,3.0,2.0,4.0,6,40,35,9.393417086483747e-13,-3.4188350663362437,0.9014505195023812
nu_7.5e-05_f_0.003_m_2,outputs_spectra_refined/nu_7.5e-05_f_0.003_m_2,42,42000,3.0,2.0,4.0,6,40,35,9.343523497740017e-13,-3.4718931584515214,0.901435789111418
nu_7.5e-05_f_0.003_m_2,outputs_spectra_refined/nu_7.5e-05_f_0.003_m_2,43,43000,3.0,2.0,4.0,6,40,35,9.29485617447831e-13,-3.5237963069861036,0.9015342152664535
nu_7.5e-05_f_0.003_m_2,outputs_spectra_refined/nu_7.5e-05_f_0.003_m_2,44,44000,3.0,2.0,4.0,6,40,35,9.24734768145894e-13,-3.5745964357796383,0.9017029288590418
nu_7.5e-05_f_0.003_m_2,outputs_spectra_refined/nu_7.5e-05_f_0.003_m_2,45,45000,3.0,2.0,4.0,6,40,35,9.200935620506778e-13,-3.624297320367088,0.9019175694462035
nu_7.5e-05_f_0.003_m_2,outputs_spectra_refined/nu_7.5e-05_f_0.003_m_2,46,46000,3.0,2.0,4.0,6,40,35,9.15556230942561e-13,-3.6728324278831117,0.902180139368846
nu_7.5e-05_f_0.003_m_2,outputs_spectra_refined/nu_7.5e-05_f_0.003_m_2,47,47000,3.0,2.0,4.0,6,40,35,9.111174500127365e-13,-3.720079924957198,0.9025141558390769
nu_7.5e-05_f_0.003_m_2,outputs_spectra_refined/nu_7.5e-05_f_0.003_m_2,48,48000,3.0,2.0,4.0,6,40,35,9.067723130524012e-13,-3.765915322122465,0.9029468191449077
nu_7.5e-05_f_0.003_m_2,outputs_spectra_refined/nu_7.5e-05_f_0.003_m_2,49,49000,3.0,2.0,4.0,6,40,35,9.02516310498255e-13,-3.810277040330852,0.9034866559730478
nu_7.5e-05_f_0.006_m_2,outputs_spectra_refined/nu_7.5e-05_f_0.006_m_2,0,0,3.0,2.0,4.0,9,35,27,2.3884035445575848e-12,-1.1172466051394185,0.8363112014594376
nu_7.5e-05_f_0.006_m_2,outputs_spectra_refined/nu_7.5e-05_f_0.006_m_2,1,1000,3.0,2.0,4.0,9,35,27,2.2482677065958832e-12,-1.180024476982239,0.8539942763320741
nu_7.5e-05_f_0.006_m_2,outputs_spectra_refined/nu_7.5e-05_f_0.006_m_2,2,2000,3.0,2.0,4.0,9,35,27,2.1462452864098614e-12,-1.2428071730135732,0.8690720516184496
nu_7.5e-05_f_0.006_m_2,outputs_spectra_refined/nu_7.5e-05_f_0.006_m_2,3,3000,3.0,2.0,4.0,9,35,27,2.0685223874120013e-12,-1.3055957224565882,0.8819355765055426
nu_7.5e-05_f_0.006_m_2,outputs_spectra_refined/nu_7.5e-05_f_0.006_m_2,4,4000,3.0,2.0,4.0,9,35,27,2.0069534980937336e-12,-1.3683906908368668,0.8929226936930442
nu_7.5e-05_f_0.006_m_2,outputs_spectra_refined/nu_7.5e-05_f_0.006_m_2,5,5000,3.0,2.0,4.0,9,35,27,1.9565456166832653e-12,-1.4311918190818746,0.9023233721056326
nu_7.5e-05_f_0.006_m_2,outputs_spectra_refined/nu_7.5e-05_f_0.006_m_2,6,6000,3.0,2.0,4.0,9,35,27,1.9141236280165423e-12,-1.4939973657543775,0.9103855243490472
nu_7.5e-05_f_0.006_m_2,outputs_spectra_refined/nu_7.5e-05_f_0.006_m_2,7,7000,3.0,2.0,4.0,9,35,27,1.877597654003059e-12,-1.5568031398698947,0.9173207035776203
nu_7.5e-05_f_0.006_m_2,outputs_spectra_refined/nu_7.5e-05_f_0.006_m_2,8,8000,3.0,2.0,4.0,9,35,27,1.8455472781919793e-12,-1.6196012860817657,0.923309291184389
nu_7.5e-05_f_0.006_m_2,outputs_spectra_refined/nu_7.5e-05_f_0.006_m_2,9,9000,3.0,2.0,4.0,9,35,27,1.8169779776939134e-12,-1.6823790175425675,0.9285048752329426
nu_7.5e-05_f_0.006_m_2,outputs_spectra_refined/nu_7.5e-05_f_0.006_m_2,10,10000,3.0,2.0,4.0,9,35,27,1.7911740787473982e-12,-1.745117677018198,0.9330375288193262
nu_7.5e-05_f_0.006_m_2,outputs_spectra_refined/nu_7.5e-05_f_0.006_m_2,11,11000,3.0,2.0,4.0,9,35,27,1.767607435861263e-12,-1.8077926953671715,0.9370156975370489
nu_7.5e-05_f_0.006_m_2,outputs_spectra_refined/nu_7.5e-05_f_0.006_m_2,12,12000,3.0,2.0,4.0,9,35,27,1.7458791924692023e-12,-1.870375096677586,0.9405264990317024
nu_7.5e-05_f_0.006_m_2,outputs_spectra_refined/nu_7.5e-05_f_0.006_m_2,13,13000,3.0,2.0,4.0,9,35,27,1.7256817048895399e-12,-1.9328349969504843,0.9436345487330084
nu_7.5e-05_f_0.006_m_2,outputs_spectra_refined/nu_7.5e-05_f_0.006_m_2,14,14000,3.0,2.0,4.0,9,35,27,1.7067730633711843e-12,-1.995146882349673,0.9463800330318782
nu_7.5e-05_f_0.006_m_2,outputs_spectra_refined/nu_7.5e-05_f_0.006_m_2,15,15000,3.0,2.0,4.0,9,35,27,1.6889596679071923e-12,-2.057295306913894,0.9487775646568728
nu_7.5e-05_f_0.006_m_2,outputs_spectra_refined/nu_7.5e-05_f_0.006_m_2,16,16000,3.0,2.0,4.0,9,35,27,1.672084067935906e-12,-2.1192783439287,0.9508179973725096
nu_7.5e-05_f_0.006_m_2,outputs_spectra_refined/nu_7.5e-05_f_0.006_m_2,17,17000,3.0,2.0,4.0,9,35,27,1.6560163134563724e-12,-2.1811054277417683,0.9524752307483856
nu_7.5e-05_f_0.006_m_2,outputs_spectra_refined/nu_7.5e-05_f_0.006_m_2,18,18000,3.0,2.0,4.0,9,35,27,1.640647694424563e-12,-2.242787076115431,0.953718617512352
nu_7.5e-05_f_0.006_m_2,outputs_spectra_refined/nu_7.5e-05_f_0.006_m_2,19,19000,3.0,2.0,4.0,9,35,27,1.6258861346865275e-12,-2.3043168233228633,0.9545291332454642
nu_7.5e-05_f_0.006_m_2,outputs_spectra_refined/nu_7.5e-05_f_0.006_m_2,20,20000,3.0,2.0,4.0,9,35,27,1.6116527523224244e-12,-2.3656498142595157,0.9549151473348146
nu_7.5e-05_f_0.006_m_2,outputs_spectra_refined/nu_7.5e-05_f_0.006_m_2,21,21000,3.0,2.0,4.0,9,35,27,1.5978792560914251e-12,-2.426686261163487,0.9549227578464982
nu_7.5e-05_f_0.006_m_2,outputs_spectra_refined/nu_7.5e-05_f_0.006_m_2,22,22000,3.0,2.0,4.0,9,35,27,1.584505950845657e-12,-2.4872698679670306,0.954636423842279
nu_7.5e-05_f_0.006_m_2,outputs_spectra_refined/nu_7.5e-05_f_0.006_m_2,23,23000,3.0,2.0,4.0,9,35,27,1.5714801932875796e-12,-2.5472105667193916,0.9541673371516368
nu_7.5e-05_f_0.006_m_2,outputs_spectra_refined/nu_7.5e-05_f_0.006_m_2,24,24000,3.0,2.0,4.0,9,35,27,1.5587551857410151e-12,-2.6063358916240214,0.9536301870737406
nu_7.5e-05_f_0.006_m_2,outputs_spectra_refined/nu_7.5e-05_f_0.006_m_2,25,25000,3.0,2.0,4.0,9,35,27,1.5462890272043878e-12,-2.664563410500072,0.9531154542601091
nu_7.5e-05_f_0.006_m_2,outputs_spectra_refined/nu_7.5e-05_f_0.006_m_2,26,26000,3.0,2.0,4.0,9,35,27,1.5340439629449043e-12,-2.7219703079810085,0.9526711316959616
nu_7.5e-05_f_0.006_m_2,outputs_spectra_refined/nu_7.5e-05_f_0.006_m_2,27,27000,3.0,2.0,4.0,9,35,27,1.5219857893228694e-12,-2.778828434826659,0.9523048775571795
nu_7.5e-05_f_0.006_m_2,outputs_spectra_refined/nu_7.5e-05_f_0.006_m_2,28,28000,3.0,2.0,4.0,9,35,27,1.5100833814535693e-12,-2.835584131621755,0.9520028336161713
nu_7.5e-05_f_0.006_m_2,outputs_spectra_refined/nu_7.5e-05_f_0.006_m_2,29,29000,3.0,2.0,4.0,9,35,27,1.4983083192092423e-12,-2.8927796498212692,0.951752274844678
nu_7.5e-05_f_0.006_m_2,outputs_spectra_refined/nu_7.5e-05_f_0.006_m_2,30,30000,3.0,2.0,4.0,9,35,27,1.4866345927006115e-12,-2.950919818895572,0.9515653128364868
nu_7.5e-05_f_0.006_m_2,outputs_spectra_refined/nu_7.5e-05_f_0.006_m_2,31,31000,3.0,2.0,4.0,9,35,27,1.47503837254009e-12,-3.0103018064462046,0.9515081084963208
nu_7.5e-05_f_0.006_m_2,outputs_spectra_refined/nu_7.5e-05_f_0.006_m_2,32,32000,3.0,2.0,4.0,9,35,27,1.4634978331945648e-12,-3.0708812537399224,0.9517125021609615
nu_7.5e-05_f_0.006_m_2,outputs_spectra_refined/nu_7.5e-05_f_0.006_m_2,33,33000,3.0,2.0,4.0,9,35,27,1.4519930199633222e-12,-3.132303133119609,0.9523104664393914
nu_7.5e-05_f_0.006_m_2,outputs_spectra_refined/nu_7.5e-05_f_0.006_m_2,34,34000,3.0,2.0,4.0,9,35,27,1.440505751724013e-12,-3.1941289184749095,0.9532827426396454
nu_7.5e-05_f_0.006_m_2,outputs_spectra_refined/nu_7.5e-05_f_0.006_m_2,35,35000,3.0,2.0,4.0,9,35,27,1.4290195528221278e-12,-3.25600287584431,0.9543703557823041
nu_7.5e-05_f_0.006_m_2,outputs_spectra_refined/nu_7.5e-05_f_0.006_m_2,36,36000,3.0,2.0,4.0,9,35,27,1.4175196083137613e-12,-3.3174040620794587,0.9552337768967732
nu_7.5e-05_f_0.006_m_2,outputs_spectra_refined/nu_7.5e-05_f_0.006_m_2,37,37000,3.0,2.0,4.0,9,35,27,1.405992737473042e-12,-3.377105832315663,0.955784513426896
nu_7.5e-05_f_0.006_m_2,outputs_spectra_refined/nu_7.5e-05_f_0.006_m_2,38,38000,3.0,2.0,4.0,9,35,27,1.3944273809095082e-12,-3.4330489509984856,0.9563523273304917
nu_7.5e-05_f_0.006_m_2,outputs_spectra_refined/nu_7.5e-05_f_0.006_m_2,39,39000,3.0,2.0,4.0,9,35,27,1.38281359705854e-12,-3.4832017861139497,0.9574418966899546
nu_7.5e-05_f_0.006_m_2,outputs_spectra_refined/nu_7.5e-05_f_0.006_m_2,40,40000,3.0,2.0,4.0,9,35,27,1.3711430640606446e-12,-3.5269697270575637,0.9592480376712081
nu_7.5e-05_f_0.006_m_2,outputs_spectra_refined/nu_7.5e-05_f_0.006_m_2,41,41000,3.0,2.0,4.0,9,35,27,1.3594090833298e-12,-3.565801654764079,0.961440179715227
nu_7.5e-05_f_0.006_m_2,outputs_spectra_refined/nu_7.5e-05_f_0.006_m_2,42,42000,3.0,2.0,4.0,9,35,27,1.3476065813251991e-12,-3.6023392243921735,0.9634349621608285
nu_7.5e-05_f_0.006_m_2,outputs_spectra_refined/nu_7.5e-05_f_0.006_m_2,43,43000,3.0,2.0,4.0,9,35,27,1.3357321062890243e-12,-3.6390266922389083,0.9647828871351349
nu_7.5e-05_f_0.006_m_2,outputs_spectra_refined/nu_7.5e-05_f_0.006_m_2,44,44000,3.0,2.0,4.0,9,35,27,1.3237838169925153e-12,-3.6771887240105743,0.9653348577052564
nu_7.5e-05_f_0.006_m_2,outputs_spectra_refined/nu_7.5e-05_f_0.006_m_2,45,45000,3.0,2.0,4.0,9,35,27,1.3117614608597902e-12,-3.7166325044539428,0.9652640155612079
nu_7.5e-05_f_0.006_m_2,outputs_spectra_refined/nu_7.5e-05_f_0.006_m_2,46,46000,3.0,2.0,4.0,9,35,27,1.299666339258419e-12,-3.7557113765431445,0.9650385101394127
nu_7.5e-05_f_0.006_m_2,outputs_spectra_refined/nu_7.5e-05_f_0.006_m_2,47,47000,3.0,2.0,4.0,9,35,27,1.2875012581636699e-12,-3.792230218155114,0.9652330240067547
nu_7.5e-05_f_0.006_m_2,outputs_spectra_refined/nu_7.5e-05_f_0.006_m_2,48,48000,3.0,2.0,4.0,9,35,27,1.275270463037089e-12,-3.8251787016850627,0.966120385790552
nu_7.5e-05_f_0.006_m_2,outputs_spectra_refined/nu_7.5e-05_f_0.006_m_2,49,49000,3.0,2.0,4.0,9,35,27,1.2629795574042807e-12,-3.8560082591769427,0.9673537447764796
nu_5e-05_f_0.01_m_2,outputs_spectra_refined/nu_5e-05_f_0.01_m_2,0,0,3.0,2.0,4.0,9,41,33,2.161156290196979e-12,-1.0203392414991241,0.927039046528769
nu_5e-05_f_0.01_m_2,outputs_spectra_refined/nu_5e-05_f_0.01_m_2,1,1000,3.0,2.0,4.0,9,41,33,2.0632562614788965e-12,-1.0729065558537219,0.935222080960552
nu_5e-05_f_0.01_m_2,outputs_spectra_refined/nu_5e-05_f_0.01_m_2,2,2000,3.0,2.0,4.0,9,41,33,1.984760115233337e-12,-1.125479165837514,0.9417402481558398
nu_5e-05_f_0.01_m_2,outputs_spectra_refined/nu_5e-05_f_0.01_m_2,3,3000,3.0,2.0,4.0,9,41,33,1.9204477855357565e-12,-1.1780518046696775,0.9469129285014464
nu_5e-05_f_0.01_m_2,outputs_spectra_refined/nu_5e-05_f_0.01_m_2,4,4000,3.0,2.0,4.0,9,41,33,1.866698779823262e-12,-1.2306181449740423,0.9510047848262593
nu_5e-05_f_0.01_m_2,outputs_spectra_refined/nu_5e-05_f_0.01_m_2,5,5000,3.0,2.0,4.0,9,41,33,1.820956937335128e-12,-1.2831715825492804,0.9542358538780773
nu_5e-05_f_0.01_m_2,outputs_spectra_refined/nu_5e-05_f_0.01_m_2,6,6000,3.0,2.0,4.0,9,41,33,1.7813861655984828e-12,-1.335706883601592,0.9567878117129024
nu_5e-05_f_0.01_m_2,outputs_spectra_refined/nu_5e-05_f_0.01_m_2,7,7000,3.0,2.0,4.0,9,41,33,1.7466455052155556e-12,-1.388223323835365,0.9588051488712448
nu_5e-05_f_0.01_m_2,outputs_spectra_refined/nu_5e-05_f_0.01_m_2,8,8000,3.0,2.0,4.0,9,41,33,1.7157398651024635e-12,-1.4407300922672632,0.9603908520114471
nu_5e-05_f_0.01_m_2,outputs_spectra_refined/nu_5e-05_f_0.01_m_2,9,9000,3.0,2.0,4.0,9,41,33,1.6879194584688173e-12,-1.4932543168602634,0.9615982963352567
nu_5e-05_f_0.01_m_2,outputs_spectra_refined/nu_5e-05_f_0.01_m_2,10,10000,3.0,2.0,4.0,9,41,33,1.6626110449976605e-12,-1.5458504344005435,0.962424663660431
nu_5e-05_f_0.01_m_2,outputs_spectra_refined/nu_5e-05_f_0.01_m_2,11,11000,3.0,2.0,4.0,9,41,33,1.6393702466669398e-12,-1.5986063938921264,0.9628152065599181
nu_5e-05_f_0.01_m_2,outputs_spectra_refined/nu_5e-05_f_0.01_m_2,12,12000,3.0,2.0,4.0,9,41,33,1.6178480233149754e-12,-1.6516382555070779,0.9626889697965233
nu_5e-05_f_0.01_m_2,outputs_spectra_refined/nu_5e-05_f_0.01_m_2,13,13000,3.0,2.0,4.0,9,41,33,1.5977667922373237e-12,-1.7050633066116685,0.9619908666345841
nu_5e-05_f_0.01_m_2,outputs_spectra_refined/nu_5e-05_f_0.01_m_2,14,14000,3.0,2.0,4.0,9,41,33,1.5789032023737243e-12,-1.7589479448433758,0.9607598544009114
nu_5e-05_f_0.01_m_2,outputs_spectra_refined/nu_5e-05_f_0.01_m_2,15,15000,3.0,2.0,4.0,9,41,33,1.5610755578662092e-12,-1.8132440259521845,0.9591820467405153
nu_5e-05_f_0.01_m_2,outputs_spectra_refined/nu_5e-05_f_0.01_m_2,16,16000,3.0,2.0,4.0,9,41,33,1.5441345288789964e-12,-1.8677523107627896,0.9575833736636592
nu_5e-05_f_0.01_m_2,outputs_spectra_refined/nu_5e-05_f_0.01_m_2,17,17000,3.0,2.0,4.0,9,41,33,1.5279562129909593e-12,-1.922166078620949,0.9563277468666158
nu_5e-05_f_0.01_m_2,outputs_spectra_refined/nu_5e-05_f_0.01_m_2,18,18000,3.0,2.0,4.0,9,41,33,1.5124368956383566e-12,-1.976220616438088,0.9556389703863055
nu_5e-05_f_0.01_m_2,outputs_spectra_refined/nu_5e-05_f_0.01_m_2,19,19000,3.0,2.0,4.0,9,41,33,1.497489051379991e-12,-2.0298848064724027,0.9554487142781147
nu_5e-05_f_0.01_m_2,outputs_spectra_refined/nu_5e-05_f_0.01_m_2,20,20000,3.0,2.0,4.0,9,41,33,1.483038260441691e-12,-2.0834267425297637,0.955425752970303
nu_5e-05_f_0.01_m_2,outputs_spectra_refined/nu_5e-05_f_0.01_m_2,21,21000,3.0,2.0,4.0,9,41,33,1.4690208070854187e-12,-2.1372088673348424,0.9552501124625685
nu_5e-05_f_0.01_m_2,outputs_spectra_refined/nu_5e-05_f_0.01_m_2,22,22000,3.0,2.0,4.0,9,41,33,1.4553817909314106e-12,-2.1913115388459383,0.9549366810023481
nu_5e-05_f_0.01_m_2,outputs_spectra_refined/nu_5e-05_f_0.01_m_2,23,23000,3.0,2.0,4.0,9,41,33,1.4420736280835122e-12,-2.245346691556106,0.9548512229805384
nu_5e-05_f_0.01_m_2,outputs_spectra_refined/nu_5e-05_f_0.01_m_2,24,24000,3.0,2.0,4.0,9,41,33,1.429054851650669e-12,-2.2987537538099114,0.9552894673924177
nu_5e-05_f_0.01_m_2,outputs_spectra_refined/nu_5e-05_f_0.01_m_2,25,25000,3.0,2.0,4.0,9,41,33,1.4162891446644303e-12,-2.3513684871634593,0.9559573339913481
nu_5e-05_f_0.01_m_2,outputs_spectra_refined/nu_5e-05_f_0.01_m_2,26,26000,3.0,2.0,4.0,9,41,33,1.4037445554788712e-12,-2.4033849729977033,0.9561181661033271
nu_5e-05_f_0.01_m_2,outputs_spectra_refined/nu_5e-05_f_0.01_m_2,27,27000,3.0,2.0,4.0,9,41,33,1.3913928579647543e-12,-2.4543512842632063,0.9556035050261684
nu_5e-05_f_0.01_m_2,outputs_spectra_refined/nu_5e-05_f_0.01_m_2,28,28000,3.0,2.0,4.0,9,41,33,1.379209027845823e-12,-2.502936298630961,0.95515217442582
nu_5e-05_f_0.01_m_2,outputs_spectra_refined/nu_5e-05_f_0.01_m_2,29,29000,3.0,2.0,4.0,9,41,33,1.36717081297602e-12,-2.5485505429444726,0.9553259923004901
nu_5e-05_f_0.01_m_2,outputs_spectra_refined/nu_5e-05_f_0.01_m_2,30,30000,3.0,2.0,4.0,9,41,33,1.3552583802122542e-12,-2.5921973333234987,0.9559743840145439
nu_5e-05_f_0.01_m_2,outputs_spectra_refined/nu_5e-05_f_0.01_m_2,31,31000,3.0,2.0,4.0,9,41,33,1.343454025085997e-12,-2.6352992691860786,0.9567196373098634
nu_5e-05_f_0.01_m_2,outputs_spectra_refined/nu_5e-05_f_0.01_m_2,32,32000,3.0,2.0,4.0,9,41,33,1.3317419334140344e-12,-2.678644839759406,0.9571956108149066
nu_5e-05_f_0.01_m_2,outputs_spectra_refined/nu_5e-05_f_0.01_m_2,33,33000,3.0,2.0,4.0,9,41,33,1.3201079862132856e-12,-2.722042898113081,0.9574039477332439
nu_5e-05_f_0.01_m_2,outputs_spectra_refined/nu_5e-05_f_0.01_m_2,34,34000,3.0,2.0,4.0,9,41,33,1.3085396009103809e-12,-2.764828850418432,0.9576415862670825
nu_5e-05_f_0.01_m_2,outputs_spectra_refined/nu_5e-05_f_0.01_m_2,35,35000,3.0,2.0,4.0,9,41,33,1.2970256024492071e-12,-2.8065270975084275,0.9582016952202913
nu_5e-05_f_0.01_m_2,outputs_spectra_refined/nu_5e-05_f_0.01_m_2,36,36000,3.0,2.0,4.0,9,41,33,1.2855561169490683e-12,-2.847509932595557,0.9590513080281282
nu_5e-05_f_0.01_m_2,outputs_spectra_refined/nu_5e-05_f_0.01_m_2,37,37000,3.0,2.0,4.0,9,41,33,1.2741224778703717e-12,-2.8882861778056164,0.9598620795188659
nu_5e-05_f_0.01_m_2,outputs_spectra_refined/nu_5e-05_f_0.01_m_2,38,38000,3.0,2.0,4.0,9,41,33,1.2627171300096857e-12,-2.9266859304286426,0.9610252444389292
nu_5e-05_f_0.01_m_2,outputs_spectra_refined/nu_5e-05_f_0.01_m_2,39,39000,3.0,2.0,4.0,9,41,33,1.2513335102231113e-12,-2.959348498704993,0.963269901488695
nu_5e-05_f_0.01_m_2,outputs_spectra_refined/nu_5e-05_f_0.01_m_2,40,40000,3.0,2.0,4.0,9,41,33,1.2399658767302745e-12,-2.987436850687451,0.9657716810437502
nu_5e-05_f_0.01_m_2,outputs_spectra_refined/nu_5e-05_f_0.01_m_2,41,41000,3.0,2.0,4.0,9,41,33,1.2286090527667554e-12,-3.0156145447178067,0.9671792218559981
nu_5e-05_f_0.01_m_2,outputs_spectra_refined/nu_5e-05_f_0.01_m_2,42,42000,3.0,2.0,4.0,9,41,33,1.2172580485476462e-12,-3.0478889178707114,0.967045919686855
nu_5e-05_f_0.01_m_2,outputs_spectra_refined/nu_5e-05_f_0.01_m_2,43,43000,3.0,2.0,4.0,9,41,33,1.2059075312746157e-12,-3.0845679235267984,0.9658554112040199
nu_5e-05_f_0.01_m_2,outputs_spectra_refined/nu_5e-05_f_0.01_m_2,44,44000,3.0,2.0,4.0,9,41,33,1.1945511296053127e-12,-3.1209782026158077,0.9644167081678068
nu_5e-05_f_0.01_m_2,outputs_spectra_refined/nu_5e-05_f_0.01_m_2,45,45000,3.0,2.0,4.0,9,41,33,1.183180587574738e-12,-3.1511053185325903,0.9632287430015481
nu_5e-05_f_0.01_m_2,outputs_spectra_refined/nu_5e-05_f_0.01_m_2,46,46000,3.0,2.0,4.0,9,41,33,1.1717848206246347e-12,-3.1736461240892906,0.9627100213542737
nu_5e-05_f_0.01_m_2,outputs_spectra_refined/nu_5e-05_f_0.01_m_2,47,47000,3.0,2.0,4.0,9,41,33,1.1603489676885146e-12,-3.1949865220291933,0.9626129105662945
nu_5e-05_f_0.01_m_2,outputs_spectra_refined/nu_5e-05_f_0.01_m_2,48,48000,3.0,2.0,4.0,9,41,33,1.1488535704095583e-12,-3.2216183136520304,0.9621097261464328
nu_5e-05_f_0.01_m_2,outputs_spectra_refined/nu_5e-05_f_0.01_m_2,49,49000,3.0,2.0,4.0,9,41,33,1.1372740336117733e-12,-3.251674366149554,0.9607418820523015
