row_type,run,N,dealias_rule,window_start_index,window_end_index,fit_kmin,fit_kmax,peak_mask_kmin,peak_mask_kmax,k,region,full_mode_count,active_dealiased_mode_count,window_mean_shell_sum_E,window_mean_shell_mean_E_full_count,window_mean_shell_mean_E_active_count,shell_sum_slope_k9_41,shell_sum_r2_k9_41,shell_mean_full_count_slope_k9_41,shell_mean_full_count_r2_k9_41,shell_mean_active_count_slope_k9_41,shell_mean_active_count_r2_k9_41,full_mode_count_slope_k9_41,full_mode_count_r2_k9_41,active_mode_count_slope_k9_41,active_mode_count_r2_k9_41,per_snapshot_shell_sum_slope_mean,per_snapshot_shell_sum_slope_std,per_snapshot_shell_mean_full_count_slope_mean,per_snapshot_shell_mean_full_count_slope_std,full_count_min,full_count_median,full_count_max,full_count_mean,active_count_min,active_count_median,active_count_max,active_count_mean,n_shells,full_sparse_lt_16,full_sparse_lt_32,full_sparse_lt_64,active_sparse_lt_16,active_sparse_lt_32,active_sparse_lt_64
shell,nu_5e-05_f_0.01_m_2,256,"abs(kx),abs(ky) < 2/3*kmax",38,43,9,41,2,4,1,low_k,8,8,6.828889301140292e-13,8.536111626425365e-14,8.536111626425365e-14,,,,,,,,,,,,,,,,,,,,,,,,,,,,,
shell,nu_5e-05_f_0.01_m_2,256,"abs(kx),abs(ky) < 2/3*kmax",38,43,9,41,2,4,2,low_k;masked_peak,12,12,5.493469006685141e-13,4.5778908389042844e-14,4.5778908389042844e-14,,,,,,,,,,,,,,,,,,,,,,,,,,,,,
shell,nu_5e-05_f_0.01_m_2,256,"abs(kx),abs(ky) < 2/3*kmax",38,43,9,41,2,4,3,low_k;masked_peak,16,16,0.0006367010238953966,3.9793813993462285e-05,3.9793813993462285e-05,,,,,,,,,,,,,,,,,,,,,,,,,,,,,
shell,nu_5e-05_f_0.01_m_2,256,"abs(kx),abs(ky) < 2/3*kmax",38,43,9,41,2,4,4,low_k;masked_peak,32,32,2.187511116630684e-13,6.8359722394708874e-15,6.8359722394708874e-15,,,,,,,,,,,,,,,,,,,,,,,,,,,,,
shell,nu_5e-05_f_0.01_m_2,256,"abs(kx),abs(ky) < 2/3*kmax",38,43,9,41,2,4,5,low_k,28,28,4.78696912725924e-14,1.7096318311640144e-15,1.7096318311640144e-15,,,,,,,,,,,,,,,,,,,,,,,,,,,,,
shell,nu_5e-05_f_0.01_m_2,256,"abs(kx),abs(ky) < 2/3*kmax",38,43,9,41,2,4,6,low_k,40,40,8.576630104750104e-14,2.144157526187526e-15,2.144157526187526e-15,,,,,,,,,,,,,,,,,,,,,,,,,,,,,
shell,nu_5e-05_f_0.01_m_2,256,"abs(kx),abs(ky) < 2/3*kmax",38,43,9,41,2,4,7,low_k,40,40,2.9925228986099285e-14,7.481307246524822e-16,7.481307246524822e-16,,,,,,,,,,,,,,,,,,,,,,,,,,,,,
shell,nu_5e-05_f_0.01_m_2,256,"abs(kx),abs(ky) < 2/3*kmax",38,43,9,41,2,4,8,low_k,48,48,4.723121304534172e-14,9.839836051112858e-16,9.839836051112858e-16,,,,,,,,,,,,,,,,,,,,,,,,,,,,,
shell,nu_5e-05_f_0.01_m_2,256,"abs(kx),abs(ky) < 2/3*kmax",38,43,9,41,2,4,9,fit_range,68,68,6.362816115967694e-14,9.357082523481903e-16,9.357082523481903e-16,,,,,,,,,,,,,,,,,,,,,,,,,,,,,
shell,nu_5e-05_f_0.01_m_2,256,"abs(kx),abs(ky) < 2/3*kmax",38,43,9,41,2,4,10,fit_range,56,56,3.467915086227886e-14,6.192705511121226e-16,6.192705511121226e-16,,,,,,,,,,,,,,,,,,,,,,,,,,,,,
shell,nu_5e-05_f_0.01_m_2,256,"abs(kx),abs(ky) < 2/3*kmax",38,43,9,41,2,4,11,fit_range,72,72,3.4080201373553344e-14,4.733361301882409e-16,4.733361301882409e-16,,,,,,,,,,,,,,,,,,,,,,,,,,,,,
shell,nu_5e-05_f_0.01_m_2,256,"abs(kx),abs(ky) < 2/3*kmax",38,43,9,41,2,4,12,fit_range,68,68,2.3416538789491765e-14,3.443608645513495e-16,3.443608645513495e-16,,,,,,,,,,,,,,,,,,,,,,,,,,,,,
shell,nu_5e-05_f_0.01_m_2,256,"abs(kx),abs(ky) < 2/3*kmax",38,43,9,41,2,4,13,fit_range,88,88,2.59957234487837e-14,2.9540594828163296e-16,2.9540594828163296e-16,,,,,,,,,,,,,,,,,,,,,,,,,,,,,
shell,nu_5e-05_f_0.01_m_2,256,"abs(kx),abs(ky) < 2/3*kmax",38,43,9,41,2,4,14,fit_range,88,88,1.8839638198008786e-14,2.140867977046453e-16,2.140867977046453e-16,,,,,,,,,,,,,,,,,,,,,,,,,,,,,
shell,nu_5e-05_f_0.01_m_2,256,"abs(kx),abs(ky) < 2/3*kmax",38,43,9,41,2,4,15,fit_range,84,84,1.5704638256764648e-14,1.8695997924719819e-16,1.8695997924719819e-16,,,,,,,,,,,,,,,,,,,,,,,,,,,,,
shell,nu_5e-05_f_0.01_m_2,256,"abs(kx),abs(ky) < 2/3*kmax",38,43,9,41,2,4,16,fit_range,112,112,1.5179292652196515e-14,1.3552939868032602e-16,1.3552939868032602e-16,,,,,,,,,,,,,,,,,,,,,,,,,,,,,
shell,nu_5e-05_f_0.01_m_2,256,"abs(kx),abs(ky) < 2/3*kmax",38,43,9,41,2,4,17,fit_range,112,112,1.67628423809629e-14,1.4966823554431163e-16,1.4966823554431163e-16,,,,,,,,,,,,,,,,,,,,,,,,,,,,,
shell,nu_5e-05_f_0.01_m_2,256,"abs(kx),abs(ky) < 2/3*kmax",38,43,9,41,2,4,18,fit_range,112,112,1.1315496848470693e-14,1.0103122186134547e-16,1.0103122186134547e-16,,,,,,,,,,,,,,,,,,,,,,,,,,,,,
shell,nu_5e-05_f_0.01_m_2,256,"abs(kx),abs(ky) < 2/3*kmax",38,43,9,41,2,4,19,fit_range,116,116,9.776229038067508e-15,8.427783653506472e-17,8.427783653506472e-17,,,,,,,,,,,,,,,,,,,,,,,,,,,,,
shell,nu_5e-05_f_0.01_m_2,256,"abs(kx),abs(ky) < 2/3*kmax",38,43,9,41,2,4,20,fit_range,112,112,8.163020017964564e-15,7.288410730325503e-17,7.288410730325503e-17,,,,,,,,,,,,,,,,,,,,,,,,,,,,,
shell,nu_5e-05_f_0.01_m_2,256,"abs(kx),abs(ky) < 2/3*kmax",38,43,9,41,2,4,21,fit_range,144,144,8.957023854924142e-15,6.220155454808432e-17,6.220155454808432e-17,,,,,,,,,,,,,,,,,,,,,,,,,,,,,
shell,nu_5e-05_f_0.01_m_2,256,"abs(kx),abs(ky) < 2/3*kmax",38,43,9,41,2,4,22,fit_range,140,140,7.047152405185905e-15,5.0336802894185035e-17,5.0336802894185035e-17,,,,,,,,,,,,,,,,,,,,,,,,,,,,,
shell,nu_5e-05_f_0.01_m_2,256,"abs(kx),abs(ky) < 2/3*kmax",38,43,9,41,2,4,23,fit_range,144,144,7.354483050020516e-15,5.10727989584758e-17,5.10727989584758e-17,,,,,,,,,,,,,,,,,,,,,,,,,,,,,
shell,nu_5e-05_f_0.01_m_2,256,"abs(kx),abs(ky) < 2/3*kmax",38,43,9,41,2,4,24,fit_range,144,144,4.742905671002447e-15,3.293684493751699e-17,3.293684493751699e-17,,,,,,,,,,,,,,,,,,,,,,,,,,,,,
shell,nu_5e-05_f_0.01_m_2,256,"abs(kx),abs(ky) < 2/3*kmax",38,43,9,41,2,4,25,fit_range,168,168,4.934009804341797e-15,2.9369105978224985e-17,2.9369105978224985e-17,,,,,,,,,,,,,,,,,,,,,,,,,,,,,
shell,nu_5e-05_f_0.01_m_2,256,"abs(kx),abs(ky) < 2/3*kmax",38,43,9,41,2,4,26,fit_range,164,164,3.110013104706596e-15,1.8963494540893877e-17,1.8963494540893877e-17,,,,,,,,,,,,,,,,,,,,,,,,,,,,,
shell,nu_5e-05_f_0.01_m_2,256,"abs(kx),abs(ky) < 2/3*kmax",38,43,9,41,2,4,27,fit_range,160,160,3.1814976539149906e-15,1.988436033696869e-17,1.988436033696869e-17,,,,,,,,,,,,,,,,,,,,,,,,,,,,,
shell,nu_5e-05_f_0.01_m_2,256,"abs(kx),abs(ky) < 2/3*kmax",38,43,9,41,2,4,28,fit_range,184,184,3.153237099087645e-15,1.7137158147215463e-17,1.7137158147215463e-17,,,,,,,,,,,,,,,,,,,,,,,,,,,,,
shell,nu_5e-05_f_0.01_m_2,256,"abs(kx),abs(ky) < 2/3*kmax",38,43,9,41,2,4,29,fit_range,172,172,2.6311053944424153e-15,1.529712438629311e-17,1.529712438629311e-17,,,,,,,,,,,,,,,,,,,,,,,,,,,,,
shell,nu_5e-05_f_0.01_m_2,256,"abs(kx),abs(ky) < 2/3*kmax",38,43,9,41,2,4,30,fit_range,200,200,2.3972903599932236e-15,1.1986451799966117e-17,1.1986451799966117e-17,,,,,,,,,,,,,,,,,,,,,,,,,,,,,
shell,nu_5e-05_f_0.01_m_2,256,"abs(kx),abs(ky) < 2/3*kmax",38,43,9,41,2,4,31,fit_range,192,192,1.96933758024734e-15,1.025696656378823e-17,1.025696656378823e-17,,,,,,,,,,,,,,,,,,,,,,,,,,,,,
shell,nu_5e-05_f_0.01_m_2,256,"abs(kx),abs(ky) < 2/3*kmax",38,43,9,41,2,4,32,fit_range,188,188,1.529734637957701e-15,8.13688637211543e-18,8.13688637211543e-18,,,,,,,,,,,,,,,,,,,,,,,,,,,,,
shell,nu_5e-05_f_0.01_m_2,256,"abs(kx),abs(ky) < 2/3*kmax",38,43,9,41,2,4,33,fit_range,208,208,1.5974471663640382e-15,7.68003445367326e-18,7.68003445367326e-18,,,,,,,,,,,,,,,,,,,,,,,,,,,,,
shell,nu_5e-05_f_0.01_m_2,256,"abs(kx),abs(ky) < 2/3*kmax",38,43,9,41,2,4,34,fit_range,224,224,1.4552597280936744e-15,6.496695214703903e-18,6.496695214703903e-18,,,,,,,,,,,,,,,,,,,,,,,,,,,,,
shell,nu_5e-05_f_0.01_m_2,256,"abs(kx),abs(ky) < 2/3*kmax",38,43,9,41,2,4,35,fit_range,224,224,1.225362135347261e-15,5.470366675657415e-18,5.470366675657415e-18,,,,,,,,,,,,,,,,,,,,,,,,,,,,,
shell,nu_5e-05_f_0.01_m_2,256,"abs(kx),abs(ky) < 2/3*kmax",38,43,9,41,2,4,36,fit_range,228,228,1.1357422046147217e-15,4.981325458836499e-18,4.981325458836499e-18,,,,,,,,,,,,,,,,,,,,,,,,,,,,,
shell,nu_5e-05_f_0.01_m_2,256,"abs(kx),abs(ky) < 2/3*kmax",38,43,9,41,2,4,37,fit_range,224,224,8.947989137633393e-16,3.99463800787205e-18,3.99463800787205e-18,,,,,,,,,,,,,,,,,,,,,,,,,,,,,
shell,nu_5e-05_f_0.01_m_2,256,"abs(kx),abs(ky) < 2/3*kmax",38,43,9,41,2,4,38,fit_range,248,248,9.030697939059258e-16,3.6414104592980876e-18,3.6414104592980876e-18,,,,,,,,,,,,,,,,,,,,,,,,,,,,,
shell,nu_5e-05_f_0.01_m_2,256,"abs(kx),abs(ky) < 2/3*kmax",38,43,9,41,2,4,39,fit_range,236,236,7.153572239629366e-16,3.0311746778090534e-18,3.0311746778090534e-18,,,,,,,,,,,,,,,,,,,,,,,,,,,,,
shell,nu_5e-05_f_0.01_m_2,256,"abs(kx),abs(ky) < 2/3*kmax",38,43,9,41,2,4,40,fit_range,264,264,5.826175826489677e-16,2.2068847827612415e-18,2.2068847827612415e-18,,,,,,,,,,,,,,,,,,,,,,,,,,,,,
shell,nu_5e-05_f_0.01_m_2,256,"abs(kx),abs(ky) < 2/3*kmax",38,43,9,41,2,4,41,fit_range,248,248,5.114585586469322e-16,2.0623328977698878e-18,2.0623328977698878e-18,,,,,,,,,,,,,,,,,,,,,,,,,,,,,
shell,nu_5e-05_f_0.01_m_2,256,"abs(kx),abs(ky) < 2/3*kmax",38,43,9,41,2,4,42,middle_or_transition,264,264,4.468142749845534e-16,1.6924783143354295e-18,1.6924783143354295e-18,,,,,,,,,,,,,,,,,,,,,,,,,,,,,
shell,nu_5e-05_f_0.01_m_2,256,"abs(kx),abs(ky) < 2/3*kmax",38,43,9,41,2,4,43,middle_or_transition,276,276,3.7829065751656905e-16,1.370618324335395e-18,1.370618324335395e-18,,,,,,,,,,,,,,,,,,,,,,,,,,,,,
shell,nu_5e-05_f_0.01_m_2,256,"abs(kx),abs(ky) < 2/3*kmax",38,43,9,41,2,4,44,middle_or_transition,264,264,3.199060974799864e-16,1.2117655207575243e-18,1.2117655207575243e-18,,,,,,,,,,,,,,,,,,,,,,,,,,,,,
shell,nu_5e-05_f_0.01_m_2,256,"abs(kx),abs(ky) < 2/3*kmax",38,43,9,41,2,4,45,middle_or_transition,288,288,2.7548445815468984e-16,9.56543257481562e-19,9.56543257481562e-19,,,,,,,,,,,,,,,,,,,,,,,,,,,,,
shell,nu_5e-05_f_0.01_m_2,256,"abs(kx),abs(ky) < 2/3*kmax",38,43,9,41,2,4,46,middle_or_transition,276,276,2.4044817599854016e-16,8.711890434729716e-19,8.711890434729716e-19,,,,,,,,,,,,,,,,,,,,,,,,,,,,,
shell,nu_5e-05_f_0.01_m_2,256,"abs(kx),abs(ky) < 2/3*kmax",38,43,9,41,2,4,47,middle_or_transition,304,304,2.0681007151545967e-16,6.802962878798016e-19,6.802962878798016e-19,,,,,,,,,,,,,,,,,,,,,,,,,,,,,
shell,nu_5e-05_f_0.01_m_2,256,"abs(kx),abs(ky) < 2/3*kmax",38,43,9,41,2,4,48,middle_or_transition,304,304,1.8056481781280242e-16,5.939632164894817e-19,5.939632164894817e-19,,,,,,,,,,,,,,,,,,,,,,,,,,,,,
shell,nu_5e-05_f_0.01_m_2,256,"abs(kx),abs(ky) < 2/3*kmax",38,43,9,41,2,4,49,middle_or_transition,312,312,1.547440605161222e-16,4.959745529362891e-19,4.959745529362891e-19,,,,,,,,,,,,,,,,,,,,,,,,,,,,,
shell,nu_5e-05_f_0.01_m_2,256,"abs(kx),abs(ky) < 2/3*kmax",38,43,9,41,2,4,50,middle_or_transition,316,316,1.244564528065194e-16,3.938495341978462e-19,3.938495341978462e-19,,,,,,,,,,,,,,,,,,,,,,,,,,,,,
shell,nu_5e-05_f_0.01_m_2,256,"abs(kx),abs(ky) < 2/3*kmax",38,43,9,41,2,4,51,middle_or_transition,320,320,1.1595373242084822e-16,3.623554138151507e-19,3.623554138151507e-19,,,,,,,,,,,,,,,,,,,,,,,,,,,,,
shell,nu_5e-05_f_0.01_m_2,256,"abs(kx),abs(ky) < 2/3*kmax",38,43,9,41,2,4,52,middle_or_transition,344,344,9.497157652469952e-17,2.76080164315987e-19,2.76080164315987e-19,,,,,,,,,,,,,,,,,,,,,,,,,,,,,
shell,nu_5e-05_f_0.01_m_2,256,"abs(kx),abs(ky) < 2/3*kmax",38,43,9,41,2,4,53,middle_or_transition,316,316,8.068757952196152e-17,2.553404415251947e-19,2.553404415251947e-19,,,,,,,,,,,,,,,,,,,,,,,,,,,,,
shell,nu_5e-05_f_0.01_m_2,256,"abs(kx),abs(ky) < 2/3*kmax",38,43,9,41,2,4,54,middle_or_transition,336,336,6.44346366364745e-17,1.9176975189426936e-19,1.9176975189426936e-19,,,,,,,,,,,,,,,,,,,,,,,,,,,,,
shell,nu_5e-05_f_0.01_m_2,256,"abs(kx),abs(ky) < 2/3*kmax",38,43,9,41,2,4,55,middle_or_transition,352,352,5.32376430552208e-17,1.5124330413415e-19,1.5124330413415e-19,,,,,,,,,,,,,,,,,,,,,,,,,,,,,
shell,nu_5e-05_f_0.01_m_2,256,"abs(kx),abs(ky) < 2/3*kmax",38,43,9,41,2,4,56,middle_or_transition,340,340,4.873824117862256e-17,1.4334776817241928e-19,1.4334776817241928e-19,,,,,,,,,,,,,,,,,,,,,,,,,,,,,
shell,nu_5e-05_f_0.01_m_2,256,"abs(kx),abs(ky) < 2/3*kmax",38,43,9,41,2,4,57,middle_or_transition,376,376,4.1569401799049365e-17,1.1055691967832278e-19,1.1055691967832278e-19,,,,,,,,,,,,,,,,,,,,,,,,,,,,,
shell,nu_5e-05_f_0.01_m_2,256,"abs(kx),abs(ky) < 2/3*kmax",38,43,9,41,2,4,58,middle_or_transition,336,336,3.201012848933725e-17,9.526823955159896e-20,9.526823955159896e-20,,,,,,,,,,,,,,,,,,,,,,,,,,,,,
shell,nu_5e-05_f_0.01_m_2,256,"abs(kx),abs(ky) < 2/3*kmax",38,43,9,41,2,4,59,middle_or_transition,392,392,3.081447344670182e-17,7.860835062934138e-20,7.860835062934138e-20,,,,,,,,,,,,,,,,,,,,,,,,,,,,,
shell,nu_5e-05_f_0.01_m_2,256,"abs(kx),abs(ky) < 2/3*kmax",38,43,9,41,2,4,60,middle_or_transition,380,380,2.5644247480855534e-17,6.748486179172509e-20,6.748486179172509e-20,,,,,,,,,,,,,,,,,,,,,,,,,,,,,
shell,nu_5e-05_f_0.01_m_2,256,"abs(kx),abs(ky) < 2/3*kmax",38,43,9,41,2,4,61,middle_or_transition,368,368,2.1105212657325447e-17,5.735112135142785e-20,5.735112135142785e-20,,,,,,,,,,,,,,,,,,,,,,,,,,,,,
shell,nu_5e-05_f_0.01_m_2,256,"abs(kx),abs(ky) < 2/3*kmax",38,43,9,41,2,4,62,middle_or_transition,400,400,1.785236420233641e-17,4.463091050584103e-20,4.463091050584103e-20,,,,,,,,,,,,,,,,,,,,,,,,,,,,,
shell,nu_5e-05_f_0.01_m_2,256,"abs(kx),abs(ky) < 2/3*kmax",38,43,9,41,2,4,63,middle_or_transition,364,364,1.4674570817607317e-17,4.0314754993426696e-20,4.0314754993426696e-20,,,,,,,,,,,,,,,,,,,,,,,,,,,,,
shell,nu_5e-05_f_0.01_m_2,256,"abs(kx),abs(ky) < 2/3*kmax",38,43,9,41,2,4,64,middle_or_transition,440,440,1.4468186492125128e-17,3.288224202755711e-20,3.288224202755711e-20,,,,,,,,,,,,,,,,,,,,,,,,,,,,,
shell,nu_5e-05_f_0.01_m_2,256,"abs(kx),abs(ky) < 2/3*kmax",38,43,9,41,2,4,65,middle_or_transition,400,400,1.084855639577988e-17,2.71213909894497e-20,2.71213909894497e-20,,,,,,,,,,,,,,,,,,,,,,,,,,,,,
shell,nu_5e-05_f_0.01_m_2,256,"abs(kx),abs(ky) < 2/3*kmax",38,43,9,41,2,4,66,middle_or_transition,424,424,9.48161246791914e-18,2.2362293556413067e-20,2.2362293556413067e-20,,,,,,,,,,,,,,,,,,,,,,,,,,,,,
shell,nu_5e-05_f_0.01_m_2,256,"abs(kx),abs(ky) < 2/3*kmax",38,43,9,41,2,4,67,middle_or_transition,420,420,7.564149696950715e-18,1.8009880230835035e-20,1.8009880230835035e-20,,,,,,,,,,,,,,,,,,,,,,,,,,,,,
shell,nu_5e-05_f_0.01_m_2,256,"abs(kx),abs(ky) < 2/3*kmax",38,43,9,41,2,4,68,middle_or_transition,416,416,6.028446055667827e-18,1.4491456864586122e-20,1.4491456864586122e-20,,,,,,,,,,,,,,,,,,,,,,,,,,,,,
shell,nu_5e-05_f_0.01_m_2,256,"abs(kx),abs(ky) < 2/3*kmax",38,43,9,41,2,4,69,middle_or_transition,448,448,5.511743156967806e-18,1.2302998118231709e-20,1.2302998118231709e-20,,,,,,,,,,,,,,,,,,,,,,,,,,,,,
shell,nu_5e-05_f_0.01_m_2,256,"abs(kx),abs(ky) < 2/3*kmax",38,43,9,41,2,4,70,middle_or_transition,428,428,4.510009793683827e-18,1.0537406060008941e-20,1.0537406060008941e-20,,,,,,,,,,,,,,,,,,,,,,,,,,,,,
shell,nu_5e-05_f_0.01_m_2,256,"abs(kx),abs(ky) < 2/3*kmax",38,43,9,41,2,4,71,middle_or_transition,432,432,3.96288671203157e-18,9.17334887044345e-21,9.17334887044345e-21,,,,,,,,,,,,,,,,,,,,,,,,,,,,,
shell,nu_5e-05_f_0.01_m_2,256,"abs(kx),abs(ky) < 2/3*kmax",38,43,9,41,2,4,72,middle_or_transition,480,480,3.1167590525840753e-18,6.493248026216823e-21,6.493248026216823e-21,,,,,,,,,,,,,,,,,,,,,,,,,,,,,
shell,nu_5e-05_f_0.01_m_2,256,"abs(kx),abs(ky) < 2/3*kmax",38,43,9,41,2,4,73,middle_or_transition,444,444,2.6129072286474236e-18,5.88492619064735e-21,5.88492619064735e-21,,,,,,,,,,,,,,,,,,,,,,,,,,,,,
shell,nu_5e-05_f_0.01_m_2,256,"abs(kx),abs(ky) < 2/3*kmax",38,43,9,41,2,4,74,middle_or_transition,472,472,2.075718945862409e-18,4.3977096310644254e-21,4.3977096310644254e-21,,,,,,,,,,,,,,,,,,,,,,,,,,,,,
shell,nu_5e-05_f_0.01_m_2,256,"abs(kx),abs(ky) < 2/3*kmax",38,43,9,41,2,4,75,middle_or_transition,456,456,1.6942967927572893e-18,3.7155631420115994e-21,3.7155631420115994e-21,,,,,,,,,,,,,,,,,,,,,,,,,,,,,
shell,nu_5e-05_f_0.01_m_2,256,"abs(kx),abs(ky) < 2/3*kmax",38,43,9,41,2,4,76,middle_or_transition,488,488,1.3634480173565445e-18,2.7939508552388205e-21,2.7939508552388205e-21,,,,,,,,,,,,,,,,,,,,,,,,,,,,,
shell,nu_5e-05_f_0.01_m_2,256,"abs(kx),abs(ky) < 2/3*kmax",38,43,9,41,2,4,77,middle_or_transition,500,500,1.050714322797303e-18,2.101428645594606e-21,2.101428645594606e-21,,,,,,,,,,,,,,,,,,,,,,,,,,,,,
shell,nu_5e-05_f_0.01_m_2,256,"abs(kx),abs(ky) < 2/3*kmax",38,43,9,41,2,4,78,middle_or_transition,472,472,8.326630945974581e-19,1.764116725842072e-21,1.764116725842072e-21,,,,,,,,,,,,,,,,,,,,,,,,,,,,,
shell,nu_5e-05_f_0.01_m_2,256,"abs(kx),abs(ky) < 2/3*kmax",38,43,9,41,2,4,79,middle_or_transition,496,496,6.866503776342205e-19,1.3843757613593154e-21,1.3843757613593154e-21,,,,,,,,,,,,,,,,,,,,,,,,,,,,,
shell,nu_5e-05_f_0.01_m_2,256,"abs(kx),abs(ky) < 2/3*kmax",38,43,9,41,2,4,80,middle_or_transition,492,492,5.328882576069844e-19,1.0831062146483422e-21,1.0831062146483422e-21,,,,,,,,,,,,,,,,,,,,,,,,,,,,,
shell,nu_5e-05_f_0.01_m_2,256,"abs(kx),abs(ky) < 2/3*kmax",38,43,9,41,2,4,81,middle_or_transition,536,536,4.695954974528484e-19,8.76111002710538e-22,8.76111002710538e-22,,,,,,,,,,,,,,,,,,,,,,,,,,,,,
shell,nu_5e-05_f_0.01_m_2,256,"abs(kx),abs(ky) < 2/3*kmax",38,43,9,41,2,4,82,middle_or_transition,512,512,2.9192495062173956e-19,5.701659191830851e-22,5.701659191830851e-22,,,,,,,,,,,,,,,,,,,,,,,,,,,,,
shell,nu_5e-05_f_0.01_m_2,256,"abs(kx),abs(ky) < 2/3*kmax",38,43,9,41,2,4,83,middle_or_transition,512,512,2.659064917879298e-19,5.193486167733004e-22,5.193486167733004e-22,,,,,,,,,,,,,,,,,,,,,,,,,,,,,
shell,nu_5e-05_f_0.01_m_2,256,"abs(kx),abs(ky) < 2/3*kmax",38,43,9,41,2,4,84,middle_or_transition,516,516,3.465671611627796e-19,6.716417851991853e-22,6.716417851991853e-22,,,,,,,,,,,,,,,,,,,,,,,,,,,,,
shell,nu_5e-05_f_0.01_m_2,256,"abs(kx),abs(ky) < 2/3*kmax",38,43,9,41,2,4,85,middle_or_transition,552,552,2.9825800016418526e-19,5.40322464065553e-22,5.40322464065553e-22,,,,,,,,,,,,,,,,,,,,,,,,,,,,,
shell,nu_5e-05_f_0.01_m_2,256,"abs(kx),abs(ky) < 2/3*kmax",38,43,9,41,2,4,86,middle_or_transition,544,468,6.835666297144519e-20,1.2565563046221542e-22,1.4606124566548116e-22,,,,,,,,,,,,,,,,,,,,,,,,,,,,,
shell,nu_5e-05_f_0.01_m_2,256,"abs(kx),abs(ky) < 2/3*kmax",38,43,9,41,2,4,87,middle_or_transition,540,408,1.637483398657909e-20,3.032376664181313e-23,4.013439702592914e-23,,,,,,,,,,,,,,,,,,,,,,,,,,,,,
shell,nu_5e-05_f_0.01_m_2,256,"abs(kx),abs(ky) < 2/3*kmax",38,43,9,41,2,4,88,middle_or_transition,536,372,6.543343889394534e-21,1.2207731136930101e-23,1.758963411127563e-23,,,,,,,,,,,,,,,,,,,,,,,,,,,,,
shell,nu_5e-05_f_0.01_m_2,256,"abs(kx),abs(ky) < 2/3*kmax",38,43,9,41,2,4,89,middle_or_transition,584,380,3.0894748148301166e-21,5.290196600736501e-24,8.130196881131886e-24,,,,,,,,,,,,,,,,,,,,,,,,,,,,,
shell,nu_5e-05_f_0.01_m_2,256,"abs(kx),abs(ky) < 2/3*kmax",38,43,9,41,2,4,90,middle_or_transition,556,328,1.1661440657174003e-21,2.097381413160792e-24,3.555317273528659e-24,,,,,,,,,,,,,,,,,,,,,,,,,,,,,
shell,nu_5e-05_f_0.01_m_2,256,"abs(kx),abs(ky) < 2/3*kmax",38,43,9,41,2,4,91,middle_or_transition,576,316,5.402487402464273e-22,9.37931840705603e-25,1.709647912172238e-24,,,,,,,,,,,,,,,,,,,,,,,,,,,,,
shell,nu_5e-05_f_0.01_m_2,256,"abs(kx),abs(ky) < 2/3*kmax",38,43,9,41,2,4,92,middle_or_transition,568,292,2.959287220864108e-22,5.210012712788922e-25,1.0134545276931877e-24,,,,,,,,,,,,,,,,,,,,,,,,,,,,,
shell,nu_5e-05_f_0.01_m_2,256,"abs(kx),abs(ky) < 2/3*kmax",38,43,9,41,2,4,93,middle_or_transition,592,300,1.6377686490848013e-22,2.7665010964270293e-25,5.459228830282672e-25,,,,,,,,,,,,,,,,,,,,,,,,,,,,,
shell,nu_5e-05_f_0.01_m_2,256,"abs(kx),abs(ky) < 2/3*kmax",38,43,9,41,2,4,94,middle_or_transition,580,264,9.898300886340433e-23,1.7066036010931782e-25,3.749356396341073e-25,,,,,,,,,,,,,,,,,,,,,,,,,,,,,
shell,nu_5e-05_f_0.01_m_2,256,"abs(kx),abs(ky) < 2/3*kmax",38,43,9,41,2,4,95,middle_or_transition,592,252,4.8022202105903005e-23,8.111858463834967e-26,1.9056429407104367e-25,,,,,,,,,,,,,,,,,,,,,,,,,,,,,
shell,nu_5e-05_f_0.01_m_2,256,"abs(kx),abs(ky) < 2/3*kmax",38,43,9,41,2,4,96,middle_or_transition,600,236,2.7749759095105573e-23,4.624959849184262e-26,1.175837249792609e-25,,,,,,,,,,,,,,,,,,,,,,,,,,,,,
shell,nu_5e-05_f_0.01_m_2,256,"abs(kx),abs(ky) < 2/3*kmax",38,43,9,41,2,4,97,middle_or_transition,612,224,1.55460423503207e-23,2.540202998418415e-26,6.940197477821741e-26,,,,,,,,,,,,,,,,,,,,,,,,,,,,,
shell,nu_5e-05_f_0.01_m_2,256,"abs(kx),abs(ky) < 2/3*kmax",38,43,9,41,2,4,98,middle_or_transition,664,236,1.0948466610481906e-23,1.6488654533858292e-26,4.63918076715335e-26,,,,,,,,,,,,,,,,,,,,,,,,,,,,,
shell,nu_5e-05_f_0.01_m_2,256,"abs(kx),abs(ky) < 2/3*kmax",38,43,9,41,2,4,99,middle_or_transition,592,188,5.2480012138082666e-24,8.864866915216666e-27,2.7914900073448226e-26,,,,,,,,,,,,,,,,,,,,,,,,,,,,,
shell,nu_5e-05_f_0.01_m_2,256,"abs(kx),abs(ky) < 2/3*kmax",38,43,9,41,2,4,100,middle_or_transition,640,204,3.9463809117971816e-24,6.166220174683096e-27,1.934500446959403e-26,,,,,,,,,,,,,,,,,,,,,,,,,,,,,
shell,nu_5e-05_f_0.01_m_2,256,"abs(kx),abs(ky) < 2/3*kmax",38,43,9,41,2,4,101,middle_or_transition,596,168,2.007630397806888e-24,3.368507378870618e-27,1.1950180939326714e-26,,,,,,,,,,,,,,,,,,,,,,,,,,,,,
shell,nu_5e-05_f_0.01_m_2,256,"abs(kx),abs(ky) < 2/3*kmax",38,43,9,41,2,4,102,middle_or_transition,664,164,1.395408193800888e-24,2.1015183641579638e-27,8.50858654756639e-27,,,,,,,,,,,,,,,,,,,,,,,,,,,,,
shell,nu_5e-05_f_0.01_m_2,256,"abs(kx),abs(ky) < 2/3*kmax",38,43,9,41,2,4,103,middle_or_transition,672,180,9.143444041681692e-25,1.3606315538216804e-27,5.079691134267607e-27,,,,,,,,,,,,,,,,,,,,,,,,,,,,,
shell,nu_5e-05_f_0.01_m_2,256,"abs(kx),abs(ky) < 2/3*kmax",38,43,9,41,2,4,104,middle_or_transition,620,136,5.494798419810165e-25,8.862578096468008e-28,4.040292955742768e-27,,,,,,,,,,,,,,,,,,,,,,,,,,,,,
shell,nu_5e-05_f_0.01_m_2,256,"abs(kx),abs(ky) < 2/3*kmax",38,43,9,41,2,4,105,middle_or_transition,664,148,3.1873522091110447e-25,4.8002292305889225e-28,2.1536163575074628e-27,,,,,,,,,,,,,,,,,,,,,,,,,,,,,
shell,nu_5e-05_f_0.01_m_2,256,"abs(kx),abs(ky) < 2/3*kmax",38,43,9,41,2,4,106,middle_or_transition,656,124,1.4350512174140445e-25,2.187578075326287e-28,1.1572993688822939e-27,,,,,,,,,,,,,,,,,,,,,,,,,,,,,
shell,nu_5e-05_f_0.01_m_2,256,"abs(kx),abs(ky) < 2/3*kmax",38,43,9,41,2,4,107,middle_or_transition,680,116,8.456613355084275e-26,1.243619611041805e-28,7.290183926796788e-28,,,,,,,,,,,,,,,,,,,,,,,,,,,,,
shell,nu_5e-05_f_0.01_m_2,256,"abs(kx),abs(ky) < 2/3*kmax",38,43,9,41,2,4,108,middle_or_transition,692,120,6.292890506851679e-26,9.093772408745201e-29,5.244075422376399e-28,,,,,,,,,,,,,,,,,,,,,,,,,,,,,
shell,nu_5e-05_f_0.01_m_2,256,"abs(kx),abs(ky) < 2/3*kmax",38,43,9,41,2,4,109,middle_or_transition,672,92,3.143522110499624e-26,4.6778602834815836e-29,3.416871859238722e-28,,,,,,,,,,,,,,,,,,,,,,,,,,,,,
shell,nu_5e-05_f_0.01_m_2,256,"abs(kx),abs(ky) < 2/3*kmax",38,43,9,41,2,4,110,middle_or_transition,720,100,2.0872935802906756e-26,2.8990188615148274e-29,2.0872935802906757e-28,,,,,,,,,,,,,,,,,,,,,,,,,,,,,
shell,nu_5e-05_f_0.01_m_2,256,"abs(kx),abs(ky) < 2/3*kmax",38,43,9,41,2,4,111,middle_or_transition,668,80,1.06880639738881e-26,1.6000095769293563e-29,1.3360079967360126e-28,,,,,,,,,,,,,,,,,,,,,,,,,,,,,
shell,nu_5e-05_f_0.01_m_2,256,"abs(kx),abs(ky) < 2/3*kmax",38,43,9,41,2,4,112,middle_or_transition,704,76,7.005875743883878e-27,9.9515280452896e-30,9.218257557741945e-29,,,,,,,,,,,,,,,,,,,,,,,,,,,,,
shell,nu_5e-05_f_0.01_m_2,256,"abs(kx),abs(ky) < 2/3*kmax",38,43,9,41,2,4,113,middle_or_transition,704,68,4.672392587969134e-27,6.636921289728883e-30,6.871165570542844e-29,,,,,,,,,,,,,,,,,,,,,,,,,,,,,
shell,nu_5e-05_f_0.01_m_2,256,"abs(kx),abs(ky) < 2/3*kmax",38,43,9,41,2,4,114,middle_or_transition,716,40,1.480225967647959e-27,2.067354703418937e-30,3.700564919119898e-29,,,,,,,,,,,,,,,,,,,,,,,,,,,,,
shell,nu_5e-05_f_0.01_m_2,256,"abs(kx),abs(ky) < 2/3*kmax",38,43,9,41,2,4,115,high_k_tail,744,68,1.750644423477522e-27,2.3530166982224758e-30,2.574477093349297e-29,,,,,,,,,,,,,,,,,,,,,,,,,,,,,
shell,nu_5e-05_f_0.01_m_2,256,"abs(kx),abs(ky) < 2/3*kmax",38,43,9,41,2,4,116,high_k_tail,728,28,3.941829794547715e-28,5.414601366136971e-31,1.4077963551956126e-29,,,,,,,,,,,,,,,,,,,,,,,,,,,,,
shell,nu_5e-05_f_0.01_m_2,256,"abs(kx),abs(ky) < 2/3*kmax",38,43,9,41,2,4,117,high_k_tail,728,44,4.498572558731205e-28,6.179357910345062e-31,1.022402854257092e-29,,,,,,,,,,,,,,,,,,,,,,,,,,,,,
shell,nu_5e-05_f_0.01_m_2,256,"abs(kx),abs(ky) < 2/3*kmax",38,43,9,41,2,4,118,high_k_tail,724,16,4.759965297320136e-29,6.574537703480851e-32,2.974978310825085e-30,,,,,,,,,,,,,,,,,,,,,,,,,,,,,
shell,nu_5e-05_f_0.01_m_2,256,"abs(kx),abs(ky) < 2/3*kmax",38,43,9,41,2,4,119,high_k_tail,736,12,8.026470715782286e-29,1.0905530863834628e-31,6.688725596485239e-30,,,,,,,,,,,,,,,,,,,,,,,,,,,,,
shell,nu_5e-05_f_0.01_m_2,256,"abs(kx),abs(ky) < 2/3*kmax",38,43,9,41,2,4,120,high_k_tail,776,12,2.2136963898059337e-29,2.852701533255069e-32,1.844746991504945e-30,,,,,,,,,,,,,,,,,,,,,,,,,,,,,
shell,nu_5e-05_f_0.01_m_2,256,"abs(kx),abs(ky) < 2/3*kmax",38,43,9,41,2,4,121,high_k_tail,772,0,1.5303341594322049e-40,1.98229813397954e-43,,,,,,,,,,,,,,,,,,,,,,,,,,,,,,
shell,nu_5e-05_f_0.01_m_2,256,"abs(kx),abs(ky) < 2/3*kmax",38,43,9,41,2,4,122,high_k_tail,768,0,3.5816018284977494e-40,4.663544047523111e-43,,,,,,,,,,,,,,,,,,,,,,,,,,,,,,
shell,nu_5e-05_f_0.01_m_2,256,"abs(kx),abs(ky) < 2/3*kmax",38,43,9,41,2,4,123,high_k_tail,792,0,1.6097411551484888e-40,2.0325014585208194e-43,,,,,,,,,,,,,,,,,,,,,,,,,,,,,,
shell,nu_5e-05_f_0.01_m_2,256,"abs(kx),abs(ky) < 2/3*kmax",38,43,9,41,2,4,124,high_k_tail,760,0,1.872314409661633e-40,2.4635715916600437e-43,,,,,,,,,,,,,,,,,,,,,,,,,,,,,,
shell,nu_5e-05_f_0.01_m_2,256,"abs(kx),abs(ky) < 2/3*kmax",38,43,9,41,2,4,125,high_k_tail,780,0,1.5136098768183672e-40,1.940525483100471e-43,,,,,,,,,,,,,,,,,,,,,,,,,,,,,,
shell,nu_5e-05_f_0.01_m_2,256,"abs(kx),abs(ky) < 2/3*kmax",38,43,9,41,2,4,126,high_k_tail,776,0,2.394954241412744e-39,3.0862812389339486e-42,,,,,,,,,,,,,,,,,,,,,,,,,,,,,,
shell,nu_5e-05_f_0.01_m_2,256,"abs(kx),abs(ky) < 2/3*kmax",38,43,9,41,2,4,127,high_k_tail,832,0,2.406310758267324e-40,2.8922004306097644e-43,,,,,,,,,,,,,,,,,,,,,,,,,,,,,,
region_summary_low_k_1_8,nu_5e-05_f_0.01_m_2,256,"abs(kx),abs(ky) < 2/3*kmax",38,43,9,41,2,4,,low_k_1_8,,,,,,,,,,,,,,,,,,,,8,30.0,48,28.0,8,30.0,48,28.0,8,2,4,8,2,4,8
region_summary_fit_range_9_41,nu_5e-05_f_0.01_m_2,256,"abs(kx),abs(ky) < 2/3*kmax",38,43,9,41,2,4,,fit_range_9_41,,,,,,,,,,,,,,,,,,,,56,160.0,264,157.33333333333334,56,160.0,264,157.33333333333334,33,0,0,1,0,0,1
region_summary_high_k_ge40,nu_5e-05_f_0.01_m_2,256,"abs(kx),abs(ky) < 2/3*kmax",38,43,9,41,2,4,,high_k_ge40,,,,,,,,,,,,,,,,,,,,248,526.0,832,524.9545454545455,0,304.0,552,276.54545454545456,88,0,0,0,9,11,13
region_summary_high_tail_top_10pct,nu_5e-05_f_0.01_m_2,256,"abs(kx),abs(ky) < 2/3*kmax",38,43,9,41,2,4,,high_tail_top_10pct,,,,,,,,,,,,,,,,,,,,724,768.0,832,762.7692307692307,0,0.0,68,13.846153846153847,13,0,0,0,9,11,12
fit_summary,nu_5e-05_f_0.01_m_2,256,"abs(kx),abs(ky) < 2/3*kmax",38,43,9,41,2,4,,fit_range_9_41,,,,,,-3.0004034112696227,0.9668214210155479,-3.988225779851715,0.9820499063695587,-3.988225779851715,0.9820499063695587,0.9878223685820918,0.9758334308482464,0.9878223685820918,0.9758334308482464,-3.0035904443227346,0.052910110067137785,-3.9914128129048265,0.05291011006713807,56,160.0,264,157.33333333333334,56,160.0,264,157.33333333333334,33,0,0,1,0,0,1
