run,start_index,end_index,window_label,window_length,start_step,end_step,fit_kmin,fit_kmax,fit_label,fit_range_width,fit_points,slope,distance_from_minus3,r_squared,compensated_mean,compensated_std,compensated_cv,cv_points,per_snapshot_slope_mean,per_snapshot_slope_std,per_snapshot_r2_mean,per_snapshot_cv_mean,per_snapshot_cv_std,residual_energy_start,residual_energy_end,residual_energy_change_pct,robustness_class
nu_5e-05_f_0.01_m_2,36,41,36:41,6,36000,41000,8,40,k=8:40,32,33,-2.764638753128494,0.23536124687150606,0.958395052922218,49.22360674175564,12.27018269868221,0.2492743525084601,33,-2.7666284032597184,0.057490757780279005,0.9568937651620651,0.2553755884277635,0.004954643653934754,1.2855561169490683e-12,1.2286090527667554e-12,-4.429761052941188,moderately_near_-3
nu_5e-05_f_0.01_m_2,36,41,36:41,6,36000,41000,9,41,k=9:41,32,33,-2.9355842638826064,0.0644157361173936,0.9641926866001533,49.58339109489479,11.533115140349759,0.2326003705207898,33,-2.937480322490011,0.057315039260531296,0.9626932393957278,0.23920287988638045,0.0023383302788032917,1.2855561169490683e-12,1.2286090527667554e-12,-4.429761052941188,near_-3
nu_5e-05_f_0.01_m_2,36,41,36:41,6,36000,41000,10,42,k=10:42,32,33,-3.02606839785283,0.026068397852830216,0.9587839610440434,49.32496054256863,11.894973127354731,0.24115524871204067,33,-3.0280421791722176,0.05798576980636281,0.9572178438654243,0.24768834351362812,0.0023801165357333173,1.2855561169490683e-12,1.2286090527667554e-12,-4.429761052941188,near_-3
nu_5e-05_f_0.01_m_2,36,41,36:41,6,36000,41000,9,35,k=9:35,26,27,-2.6722288435150925,0.3277711564849075,0.9687591117471772,52.13519125596128,10.930736306255566,0.20966138308748825,27,-2.6747353304381645,0.07644537237598674,0.966775334939126,0.2167716952223664,0.0049319305592942595,1.2855561169490683e-12,1.2286090527667554e-12,-4.429761052941188,sensitive
nu_5e-05_f_0.01_m_2,36,41,36:41,6,36000,41000,12,40,k=12:40,28,29,-3.10322064779424,0.1032206477942399,0.9666965178437156,51.83687366971241,10.28915270136903,0.19849099633068426,29,-3.1053414571063427,0.04928031313438157,0.9646544931379947,0.2062545339965541,0.004382023796418508,1.2855561169490683e-12,1.2286090527667554e-12,-4.429761052941188,moderately_near_-3
nu_5e-05_f_0.01_m_2,37,42,37:42,6,37000,42000,8,40,k=8:40,32,33,-2.7990486798604253,0.20095132013957473,0.9600789918408383,47.959918429761224,11.869339399339415,0.24748456185809464,33,-2.8011499264139563,0.05483519779412774,0.9583742275361667,0.2547514476752431,0.004217319394429887,1.2741224778703717e-12,1.2172580485476462e-12,-4.463026931113511,moderately_near_-3
nu_5e-05_f_0.01_m_2,37,42,37:42,6,37000,42000,9,41,k=9:41,32,33,-2.968926658687067,0.031073341312933156,0.9657205961268374,48.27646659438733,11.223089314458647,0.2324753675274871,33,-2.9708768200358704,0.05340648047258732,0.9640256746721824,0.24022404397363983,0.004115399283115427,1.2741224778703717e-12,1.2172580485476462e-12,-4.463026931113511,near_-3
nu_5e-05_f_0.01_m_2,37,42,37:42,6,37000,42000,10,42,k=10:42,32,33,-3.0588006241864427,0.05880062418644272,0.9604308943838913,47.97268972180096,11.636475581798836,0.24256458516877144,33,-3.060545492690776,0.05308754068141058,0.958667543614129,0.2501351425286837,0.0045253164933703885,1.2741224778703717e-12,1.2172580485476462e-12,-4.463026931113511,near_-3
nu_5e-05_f_0.01_m_2,37,42,37:42,6,37000,42000,9,35,k=9:35,26,27,-2.7139691184230506,0.28603088157694945,0.9692869768007287,50.823337416870544,10.560474513803442,0.20778789923185853,27,-2.7165325290430835,0.0702980385877287,0.9669657577118503,0.2162213776311027,0.004000955095133916,1.2741224778703717e-12,1.2172580485476462e-12,-4.463026931113511,sensitive
nu_5e-05_f_0.01_m_2,37,42,37:42,6,37000,42000,12,40,k=12:40,28,29,-3.133221777738386,0.13322177773838595,0.9673169833166979,50.381152807098665,10.183271147679477,0.202124615660733,29,-3.1354848290750144,0.0446995295901914,0.9649994508596352,0.21102408482592652,0.008855349959216953,1.2741224778703717e-12,1.2172580485476462e-12,-4.463026931113511,moderately_near_-3
nu_5e-05_f_0.01_m_2,38,43,38:43,6,38000,43000,8,40,k=8:40,32,33,-2.8326032032939885,0.16739679670601149,0.9615036569323152,46.73255938393183,11.582496314223203,0.2478463937544504,33,-2.8351491310161396,0.0559080785429997,0.9596499764657453,0.25590652474930836,0.00612907416494017,1.2627171300096857e-12,1.2059075312746157e-12,-4.498996440686145,moderately_near_-3
nu_5e-05_f_0.01_m_2,38,43,38:43,6,38000,43000,9,41,k=9:41,32,33,-3.0012269180685887,0.001226918068588656,0.9668512205401059,47.00309357558673,11.037012301053897,0.23481459328427032,33,-3.0035904443227337,0.052910110067137806,0.9650245632863745,0.2432632815311125,0.008396425671812714,1.2627171300096857e-12,1.2059075312746157e-12,-4.498996440686145,near_-3
nu_5e-05_f_0.01_m_2,38,43,38:43,6,38000,43000,10,42,k=10:42,32,33,-3.0899274915799357,0.08992749157993574,0.9619758607299174,46.676720954183565,11.462014919550873,0.24556169939190103,33,-3.0918832157717517,0.05025579617006722,0.9600389752934534,0.25379136833931876,0.007801142956168493,1.2627171300096857e-12,1.2059075312746157e-12,-4.498996440686145,near_-3
nu_5e-05_f_0.01_m_2,38,43,38:43,6,38000,43000,9,35,k=9:35,26,27,-2.7526341855939123,0.24736581440608774,0.969312858992587,49.56981877834414,10.340940637765758,0.20861364621900666,27,-2.755342221435223,0.06258862526105603,0.9667558472957091,0.21769274817166906,0.006265542919852235,1.2627171300096857e-12,1.2059075312746157e-12,-4.498996440686145,moderately_near_-3
nu_5e-05_f_0.01_m_2,38,43,38:43,6,38000,43000,12,40,k=12:40,28,29,-3.162116486941047,0.1621164869410472,0.9675541639411922,48.97056695200768,10.197250083602055,0.20823222433988978,29,-3.1649873754129776,0.047084120382921,0.9649979484295933,0.21769001332291782,0.014387002222161768,1.2627171300096857e-12,1.2059075312746157e-12,-4.498996440686145,moderately_near_-3
nu_5e-05_f_0.01_m_2,39,44,39:44,6,39000,44000,8,40,k=8:40,32,33,-2.8656581504300513,0.13434184956994866,0.9624843789975436,45.54193878377286,11.403148311142875,0.25038785382597617,33,-2.8686135994572806,0.05888645859137368,0.9606746290859262,0.2585743831564341,0.008953505752171003,1.2513335102231113e-12,1.1945511296053127e-12,-4.537749541101505,moderately_near_-3
nu_5e-05_f_0.01_m_2,39,44,39:44,6,39000,44000,9,41,k=9:41,32,33,-3.0331359982511095,0.033135998251109466,0.967356846991648,45.76069084667243,10.970679362795918,0.2397402477937824,33,-3.035972489687261,0.05533365288825081,0.9655898072411876,0.2481869228572151,0.012472846075927708,1.2513335102231113e-12,1.1945511296053127e-12,-4.537749541101505,near_-3
nu_5e-05_f_0.01_m_2,39,44,39:44,6,39000,44000,10,42,k=10:42,32,33,-3.1211608336630876,0.12116083366308761,0.9630200309838004,45.425112195416986,11.386041291885515,0.2506552156195725,33,-3.1235359083887957,0.05187451604012252,0.9611040027344614,0.25890921343447776,0.011153629200622043,1.2513335102231113e-12,1.1945511296053127e-12,-4.537749541101505,moderately_near_-3
nu_5e-05_f_0.01_m_2,39,44,39:44,6,39000,44000,9,35,k=9:35,26,27,-2.7879420780223216,0.21205792197767837,0.9687373707087191,48.374139847113476,10.245239856173269,0.21179166985817963,27,-2.7905741795696106,0.05545446976312094,0.9662737124041,0.22064122129718614,0.008305766774135418,1.2513335102231113e-12,1.1945511296053127e-12,-4.537749541101505,moderately_near_-3
nu_5e-05_f_0.01_m_2,39,44,39:44,6,39000,44000,12,40,k=12:40,28,29,-3.1909218202822793,0.19092182028227933,0.9672456925186467,47.60613852312617,10.311243500564688,0.21659483042414118,29,-3.194341701204299,0.053298471248630165,0.9647084620257083,0.22584003409685507,0.01859948350707549,1.2513335102231113e-12,1.1945511296053127e-12,-4.537749541101505,moderately_near_-3
nu_5e-05_f_0.01_m_2,40,45,40:45,6,40000,45000,8,40,k=8:40,32,33,-2.898914255997699,0.10108574400230097,0.9629458719646974,44.38499004724765,11.296442107833217,0.25451041209670655,33,-2.9022699496017865,0.06078097172736786,0.9611603830472232,0.26266713147446813,0.010580484356092755,1.2399658767302745e-12,1.183180587574738e-12,-4.579584827388664,moderately_near_-3
nu_5e-05_f_0.01_m_2,40,45,40:45,6,40000,45000,9,41,k=9:41,32,33,-3.0645867753605214,0.06458677536052138,0.967315052072104,44.5537524224658,10.97235227309944,0.24627223693882938,33,-3.067931959658528,0.05719377123801167,0.9655829474933296,0.25459724660211674,0.014626386190330052,1.2399658767302745e-12,1.183180587574738e-12,-4.579584827388664,near_-3
nu_5e-05_f_0.01_m_2,40,45,40:45,6,40000,45000,10,42,k=10:42,32,33,-3.1536030180304326,0.15360301803043264,0.963472991345875,44.21219402289393,11.377638611003484,0.25734164210696986,33,-3.1566354680655504,0.05729176389781901,0.9616149918120578,0.26551128613490854,0.013630081578610807,1.2399658767302745e-12,1.183180587574738e-12,-4.579584827388664,moderately_near_-3
nu_5e-05_f_0.01_m_2,40,45,40:45,6,40000,45000,9,35,k=9:35,26,27,-2.819796480698316,0.180203519301684,0.9677679165512902,47.23339216517603,10.201237349628112,0.21597511595089763,27,-2.8223049615777343,0.05042061172950408,0.9655087255415561,0.22447238643523718,0.008674918516720085,1.2399658767302745e-12,1.183180587574738e-12,-4.579584827388664,moderately_near_-3
nu_5e-05_f_0.01_m_2,40,45,40:45,6,40000,45000,12,40,k=12:40,28,29,-3.2212107197750934,0.22121071977509343,0.966383723027286,46.28498492978309,10.47515275815519,0.226318594983807,29,-3.2251515752424633,0.05855201087088161,0.9638292891478096,0.23532565250769522,0.02015771723062355,1.2399658767302745e-12,1.183180587574738e-12,-4.579584827388664,moderately_near_-3
nu_5e-05_f_0.01_m_2,36,43,36:43,8,36000,43000,8,40,k=8:40,32,33,-2.7970284591494967,0.20297154085050328,0.9604853653616064,47.998530323937764,11.82765146721124,0.24641695042301262,33,-2.800599785381213,0.07768497913268828,0.9580695087962734,0.25727731988128694,0.0058346939134258985,1.2855561169490683e-12,1.2059075312746157e-12,-6.1956521869677434,moderately_near_-3
nu_5e-05_f_0.01_m_2,36,43,36:43,8,36000,43000,9,41,k=9:41,32,33,-2.966318896668892,0.033681103331108186,0.9660254985192778,48.31581017236146,11.178026900574766,0.23135339882945885,33,-2.969667347042197,0.07520544051889598,0.9636325959081551,0.24291038894818057,0.007300094144418838,1.2855561169490683e-12,1.2059075312746157e-12,-6.1956521869677434,near_-3
nu_5e-05_f_0.01_m_2,36,43,36:43,8,36000,43000,10,42,k=10:42,32,33,-3.055431563909089,0.05543156390908921,0.961149524556147,48.04168036407498,11.550639774056807,0.24042955380666167,33,-3.058405733970194,0.07315801497369934,0.9586365308316092,0.2517329071502853,0.007654090819686718,1.2855561169490683e-12,1.2059075312746157e-12,-6.1956521869677434,near_-3
nu_5e-05_f_0.01_m_2,36,43,36:43,8,36000,43000,9,35,k=9:35,26,27,-2.7077631729321694,0.2922368270678306,0.9699542375333342,50.902237006654836,10.49911676275393,0.20626041958394287,27,-2.712226757033431,0.09301646943159675,0.9664049912972781,0.21903792816170553,0.0060498288763630855,1.2855561169490683e-12,1.2059075312746157e-12,-6.1956521869677434,sensitive
nu_5e-05_f_0.01_m_2,36,43,36:43,8,36000,43000,12,40,k=12:40,28,29,-3.1308695138988827,0.13086951389888268,0.9677470911647207,50.4294776246304,10.119163723247212,0.2006596974604568,29,-3.1347755160458597,0.06718894453339408,0.964513579307259,0.21383516638472147,0.014162244523641286,1.2855561169490683e-12,1.2059075312746157e-12,-6.1956521869677434,moderately_near_-3
nu_5e-05_f_0.01_m_2,37,44,37:44,8,37000,44000,8,40,k=8:40,32,33,-2.8318590205766707,0.16814097942332928,0.9615537603142811,46.762807846576024,11.546179653606863,0.2469094604303637,33,-2.835772151442759,0.07700639768318147,0.959031850734309,0.25863661370982216,0.007795999419125856,1.2741224778703717e-12,1.1945511296053127e-12,-6.2451883274250255,moderately_near_-3
nu_5e-05_f_0.01_m_2,37,44,37:44,8,37000,44000,9,41,k=9:41,32,33,-3.0000745610138018,7.456101380176605e-05,0.9667877094917965,47.03145846172066,11.002788785641084,0.23394530268705901,33,-3.0038508807947286,0.07405343977559031,0.964303270925615,0.24626909761385743,0.011310426381836824,1.2741224778703717e-12,1.1945511296053127e-12,-6.2451883274250255,near_-3
nu_5e-05_f_0.01_m_2,37,44,37:44,8,37000,44000,10,42,k=10:42,32,33,-3.088581184301815,0.08858118430181516,0.9622594801064488,46.72992545746827,11.396159603274407,0.24387283933604262,33,-3.0917638037099757,0.07166639871900106,0.9596235577096013,0.25589710640438446,0.010979552339740527,1.2741224778703717e-12,1.1945511296053127e-12,-6.2451883274250255,near_-3
nu_5e-05_f_0.01_m_2,37,44,37:44,8,37000,44000,9,35,k=9:35,26,27,-2.746255803920215,0.25374419607978504,0.969894796592916,49.644002166772005,10.250355712355645,0.20647722312800296,27,-2.7506332032296097,0.08510179040592018,0.9662445056869255,0.21995672633657945,0.007399878394622688,1.2741224778703717e-12,1.1945511296053127e-12,-6.2451883274250255,sensitive
nu_5e-05_f_0.01_m_2,37,44,37:44,8,37000,44000,12,40,k=12:40,28,29,-3.1623383630091064,0.16233836300910642,0.9676472336214469,49.01006413624039,10.13989247731884,0.20689408708243084,29,-3.166714384736313,0.06711886688885813,0.964247037111667,0.2206103706464546,0.018485523945760262,1.2741224778703717e-12,1.1945511296053127e-12,-6.2451883274250255,moderately_near_-3
nu_5e-05_f_0.01_m_2,38,45,38:45,8,38000,45000,8,40,k=8:40,32,33,-2.8652556105574067,0.13474438944259326,0.9624774262419596,45.573532389527905,11.32587869610365,0.24851878057857466,33,-2.8697571057495557,0.07747911397973872,0.9598724509845515,0.2606810880361031,0.009866754441649927,1.2627171300096857e-12,1.183180587574738e-12,-6.298840852371872,moderately_near_-3
nu_5e-05_f_0.01_m_2,38,45,38:45,8,38000,45000,9,41,k=9:41,32,33,-3.0322380709053114,0.03223807090531139,0.9672671782188386,45.791396194916864,10.892505586767696,0.23787231864261943,33,-3.0367032733856,0.07379509367646836,0.9647241038609502,0.2504862343268147,0.014548818613990246,1.2627171300096857e-12,1.183180587574738e-12,-6.298840852371872,near_-3
nu_5e-05_f_0.01_m_2,38,45,38:45,8,38000,45000,10,42,k=10:42,32,33,-3.1217157044806623,0.12171570448066227,0.9630403368984198,45.46610790578114,11.303080311132078,0.2486045283347172,33,-3.1256120174103614,0.07364034305470091,0.9603586455508173,0.2609156195271939,0.014237143529366147,1.2627171300096857e-12,1.183180587574738e-12,-6.298840852371872,moderately_near_-3
nu_5e-05_f_0.01_m_2,38,45,38:45,8,38000,45000,9,35,k=9:35,26,27,-2.782211993292015,0.21778800670798493,0.9694768904704428,48.43508355017878,10.088513340946822,0.20828937624305147,27,-2.786498728740158,0.07677355852331086,0.9659006418831806,0.22175983209389982,0.008903487248330703,1.2627171300096857e-12,1.183180587574738e-12,-6.298840852371872,moderately_near_-3
nu_5e-05_f_0.01_m_2,38,45,38:45,8,38000,45000,12,40,k=12:40,28,29,-3.1923346592751933,0.19233465927519333,0.9673984949764725,47.64789475151542,10.20047041033814,0.21408019102488715,29,-3.1974987094848175,0.07002284512169886,0.9638150878343761,0.22788788412022035,0.02169628890098715,1.2627171300096857e-12,1.183180587574738e-12,-6.298840852371872,moderately_near_-3
