loop_index,completed_steps,physical_time,energy,enstrophy,forcing_rms,energy_injection_rate,enstrophy_injection_rate,viscous_energy_dissipation_rate,viscous_enstrophy_dissipation_rate,continuous_energy_rhs,continuous_enstrophy_rhs,stage1_advection_rms,stage2_advection_rms,mask_removal_rms,vorticity_rms,maximum_absolute_vorticity,forcing_sha256,forcing_identity_matches,interval_duration,observed_energy_rate,mean_continuous_energy_rhs,energy_budget_residual,mean_energy_injection_rate,mean_viscous_energy_dissipation_rate,normalized_energy_budget_residual,observed_enstrophy_rate,mean_continuous_enstrophy_rhs,enstrophy_budget_residual,mean_enstrophy_injection_rate,mean_viscous_enstrophy_dissipation_rate,normalized_enstrophy_budget_residual,stationarity_window_member,subwindow_id,residual_interval_fully_inside_window
16000,16001,80.005,0.003060138015577159,0.024593015774847835,0.005,5.766661134530487e-05,0.0005119302170705589,4.918603154969567e-05,0.00066922622567094,8.480579795609202e-06,-0.00015729600860038117,0.01701498839494639,0.01701553936959225,4.871265273844217e-06,0.2217792405742604,0.708490728085523,504574DB2F92E127BAA6F699C7B21A4051435479A9B16A731501C6555F2FE6BB,True,0.5,9.625488439145985e-06,9.028161726673397e-06,5.973267124725882e-07,5.8269881706520736e-05,4.924171997984734e-05,0.010251036984784951,-0.00011137686030333882,-0.0001504446057819666,3.906774547862777e-05,0.0005175380557590944,0.000667982661541061,0.058486166974000525,True,1,False
16100,16101,80.505,0.0030644092521246854,0.024530682509317323,0.005,5.64852951419824e-05,0.0005009626455259421,4.9061365018634645e-05,0.0006713343374621668,7.423930123347754e-06,-0.00017037169193622468,0.01707472608317205,0.017075155700980144,5.005659410513482e-06,0.22149800229039232,0.7048876819391563,504574DB2F92E127BAA6F699C7B21A4051435479A9B16A731501C6555F2FE6BB,True,0.5,8.542473095052988e-06,7.952254959478478e-06,5.902181355745104e-07,5.707595324364364e-05,4.912369828416516e-05,0.010340924715790727,-0.000124666531061024,-0.00016383385026830292,3.9167319207278936e-05,0.0005064464312982505,0.0006702802815665534,0.05843424054745961,True,1,True
16200,16201,81.005,0.00306815838778768,0.024462015184438857,0.005,5.5333217713978946e-05,0.0004902876636337199,4.8924030368877715e-05,0.0006730523062574192,6.40918734510123e-06,-0.00018276464262369934,0.017122950556228235,0.017123262274693195,5.1286147788398615e-06,0.22118777174355211,0.6988580821221866,504574DB2F92E127BAA6F699C7B21A4051435479A9B16A731501C6555F2FE6BB,True,0.5,7.4982713259893335e-06,6.916558734224492e-06,5.817125917648414e-07,5.590925642798067e-05,4.8992697693756184e-05,0.01040458465968283,-0.00013733464975693166,-0.000176568167279962,3.923351752303035e-05,0.000495625154579831,0.000672193321859793,0.05836641966998555,True,1,True
16300,16301,81.505,0.0030714063326347588,0.024387351076826283,0.005,5.421422301557181e-05,0.00047994831631707036,4.877470215365257e-05,0.0006743719342884439,5.439520861919242e-06,-0.00019442361797137355,0.0171600108257333,0.017160209606388078,5.2376115983319865e-06,0.22084995393626997,0.6948257576295,504574DB2F92E127BAA6F699C7B21A4051435479A9B16A731501C6555F2FE6BB,True,0.5,6.495889694157347e-06,5.924354103510236e-06,5.715355906471112e-07,5.477372036477538e-05,4.884936626126514e-05,0.010434485494884552,-0.0001493282152251474,-0.00018859413029753645,3.926591507238906e-05,0.00048511798997539514,0.0006737121202729315,0.05828292810953411,True,1,True
16400,16401,82.005,0.003074175368426152,0.024307051301460027,0.005,5.313194584435323e-05,0.00046998562237825063,4.8614102602920056e-05,0.0006752879327533871,4.5178432414331725e-06,-0.0002053023103751365,0.017186393517159816,0.017186485806197947,5.330473601340931e-06,0.2204860598834313,0.6913879297778811,504574DB2F92E127BAA6F699C7B21A4051435479A9B16A731501C6555F2FE6BB,True,0.5,5.538071582786817e-06,4.978682051676207e-06,5.593895311106101e-07,5.367308442996252e-05,4.869440237828631e-05,0.01042216107107748,-0.00016059955073251253,-0.00019986296417325502,3.926341344074249e-05,0.00047496696934766047,0.0006748299335209156,0.05818267905794604,True,1,True
16500,16501,82.505,0.003076489008956313,0.024221497892524094,0.005,5.208977422099882e-05,0.00046043798305584496,4.844299578504819e-05,0.0006757978550832099,3.646778435950626e-06,-0.0002153598720273649,0.017202722484398626,0.017202716146978766,5.4054507917545455e-06,0.22009769600122622,0.6852183021960853,504574DB2F92E127BAA6F699C7B21A4051435479A9B16A731501C6555F2FE6BB,True,0.5,4.627281060321821e-06,4.082310838691899e-06,5.449702216299216e-07,5.261086003267602e-05,4.852854919398412e-05,0.010358511936346348,-0.00017110681787186471,-0.0002103310912012507,3.922427332938598e-05,0.00046521180271704777,0.0006755428939182984,0.0580633349599409,True,1,True
16600,16601,83.005,0.003078371853974831,0.024131090680101854,0.005,5.109081368639005e-05,0.00045134059998568684,4.826218136020371e-05,0.0006759020000346825,2.8286323261863397e-06,-0.00022456140004899563,0.0172097543458276,0.017209658554288482,5.461292287588538e-06,0.21968655252473626,0.680915379279848,504574DB2F92E127BAA6F699C7B21A4051435479A9B16A731501C6555F2FE6BB,True,0.5,3.7656900370355156e-06,3.237705381068483e-06,5.279846559670327e-07,5.159029395369443e-05,4.8352588572625954e-05,0.010234185842029364,-0.0001808144248444804,-0.00021996063603818027,3.9146211193699865e-05,0.00045588929152076587,0.0006758499275589462,0.05792145504119421,True,1,True
16700,16701,83.505,0.0030798494382041253,0.024036244010851204,0.005,5.013785425831843e-05,0.00044272491765732705,4.8072488021702405e-05,0.000675603301602665,2.0653662366160272e-06,-0.00023287838394533798,0.01720836970677534,0.01720819478544732,5.497305043543904e-06,0.2192543911115634,0.6763841815199516,504574DB2F92E127BAA6F699C7B21A4051435479A9B16A731501C6555F2FE6BB,True,0.5,2.95516845858889e-06,2.4469992814011835e-06,5.081691771877067e-07,5.061433397235424e-05,4.8167334690953054e-05,0.010040024975242602,-0.0001896933385013011,-0.0002287198919971668,3.9026553495865706e-05,0.0004470327588215069,0.0006757526508186738,0.05775271979856101,True,1,True
16800,16801,84.005,0.0030809480769046866,0.023937383354670126,0.005,4.923334083897291e-05,0.00043461810656249364,4.787476670934025e-05,0.0006749072212519291,1.3585741296326596e-06,-0.00024028911468943544,0.017199559988394092,0.017199317220204825,5.513388157695155e-06,0.2188030317645079,0.6680814519865379,504574DB2F92E127BAA6F699C7B21A4051435479A9B16A731501C6555F2FE6BB,True,0.5,2.197277401122695e-06,1.7119701831243434e-06,4.853072179983516e-07,4.968559754864567e-05,4.797362736552133e-05,0.009767563276726258,-0.0001977213123621549,-0.0002365837493173867,3.886243695523181e-05,0.0004386715121099103,0.0006752552614272971,0.057552216436029986,True,1,True
16900,16901,84.505,0.0030816947094408536,0.023834941833214215,0.005,4.8379347891906125e-05,0.0004270426038158078,4.766988366642843e-05,0.0006738216548603056,7.09464225477696e-07,-0.00024677905104449787,0.017184409959643196,0.017184111362085783,5.510027397756387e-06,0.2183343391828881,0.666482030489363,504574DB2F92E127BAA6F699C7B21A4051435479A9B16A731501C6555F2FE6BB,True,0.5,1.4932650723338547e-06,1.0340191775551778e-06,4.59245894778677e-07,4.880634436543952e-05,4.777232518788434e-05,0.009409553219967764,-0.00020488304291182285,-0.00024353408286696666,3.86510399551438e-05,0.0004308303551891507,0.0006743644380561174,0.05731476598403821,True,1,True
17000,17001,85.005,0.003082116742354383,0.02372935670118284,0.005,4.757755920074647e-05,0.00042001572793166117,4.7458713402365684e-05,0.0006723568621926972,1.188457983807836e-07,-0.000252341134261036,0.017164076314848096,0.01716373439473912,5.4882351012363455e-06,0.21785020863512083,0.6637228136049024,504574DB2F92E127BAA6F699C7B21A4051435479A9B16A731501C6555F2FE6BB,True,0.5,8.440658270589263e-07,4.141550119292398e-07,4.299108151296865e-07,4.7978453546326296e-05,4.756429853439705e-05,0.008960497543226979,-0.00021117026406274747,-0.00024956009265276693,3.838982859001946e-05,0.00042352916587373447,0.0006730892585265014,0.05703527147953728,True,1,True
17100,17101,85.505,0.003082241893518226,0.0236210658085618,0.005,4.682925346931286e-05,0.000413549383520627,4.7242131617123605e-05,0.0006705254209354683,-4.12878147810743e-07,-0.00025697603741484126,0.017139763003742155,0.017139390500916764,5.449432214770887e-06,0.21735255143918508,0.6566803774410461,504574DB2F92E127BAA6F699C7B21A4051435479A9B16A731501C6555F2FE6BB,True,0.5,2.503023276857058e-07,-1.470161747149797e-07,3.9731850240068553e-07,4.7203406335029665e-05,4.7350422509744645e-05,0.008391023381447505,-0.0002165817852420801,-0.00025465858583793865,3.807680059585855e-05,0.0004167825557261441,0.0006714411415640828,0.05670906686945169,True,2,True
17200,17201,86.005,0.003082098038964718,0.023510504072173782,0.005,4.613529641400066e-05,0.00040764986981975724,4.7021008144347565e-05,0.0006683422007340721,-8.857117303469022e-07,-0.00026069233091431486,0.017112694474243968,0.017112304103279612,5.395292844354385e-06,0.2168432801457024,0.645202660912738,504574DB2F92E127BAA6F699C7B21A4051435479A9B16A731501C6555F2FE6BB,True,0.5,-2.8770910701601815e-07,-6.492949390788226e-07,3.6158583206280444e-07,4.648227494165676e-05,4.7131569880735585e-05,0.007671839342032991,-0.00022112347277603722,-0.00025883418416457806,3.771071138854084e-05,0.00041059962667019213,0.0006694338108347702,0.05633224790590777,True,2,True
17300,17301,86.505,0.0030817130639136966,0.023398099988199625,0.005,4.549613982899666e-05,0.000402317804156381,4.6796199976399254e-05,0.000665824345988012,-1.300060147402593e-06,-0.000263506541831631,0.017084088345747133,0.0170836925420365,5.327596920098851e-06,0.21632429354189336,0.6392859254276217,504574DB2F92E127BAA6F699C7B21A4051435479A9B16A731501C6555F2FE6BB,True,0.5,-7.699501020424701e-07,-1.0928859388747476e-06,3.229358368322775e-07,4.581571812149866e-05,4.690860406037341e-05,0.006884362545017223,-0.00022480816794831493,-0.0002620994363729729,3.7291268424657995e-05,0.0004049838369880691,0.0006670832733610421,0.0559019689352562,True,2,True
17400,17401,87.005,0.003081114719340955,0.023284272223493156,0.005,4.4911827874562365e-05,0.0003975481677186729,4.656854444698631e-05,0.0006629912503810225,-1.6567165724239486e-06,-0.0002654430826623496,0.017055129006602093,0.01705473967990723,5.2481428340338575e-06,0.21579746163239805,0.6397387871634916,504574DB2F92E127BAA6F699C7B21A4051435479A9B16A731501C6555F2FE6BB,True,0.5,-1.19668914548305e-06,-1.4783883599132708e-06,2.8169921443022084e-07,4.520398385177951e-05,4.668237221169278e-05,0.006034380882633513,-0.00022765552941293732,-0.00026447481224699026,3.6819282834052946e-05,0.0003999329859375269,0.0006644077981845173,0.055416692782145234,True,2,True
17500,17501,87.505,0.003080330485134028,0.023169426331609712,0.005,4.4382010558250925e-05,0.0003933304765295334,4.6338852663219425e-05,0.0006598645024980176,-1.9568421049685e-06,-0.0002665340259684842,0.01702694307109474,0.01702657136810293,5.158743182713792e-06,0.2152646108007989,0.639941220382531,504574DB2F92E127BAA6F699C7B21A4051435479A9B16A731501C6555F2FE6BB,True,0.5,-1.5684684138541141e-06,-1.8067793386962243e-06,2.3831092484211014e-07,4.4646919216406645e-05,4.6453698555102866e-05,0.005130074294502694,-0.0002296917837668888,-0.0002659885543154169,3.6296770548528094e-05,0.00039543932212410314,0.00066142787643952,0.05487638462399613,True,2,True
17600,17601,88.005,0.0030793874405190182,0.023053951648013438,0.005,4.3905964067253675e-05,0.0003896490755618226,4.6107903296026876e-05,0.0006564677815671646,-2.201939228773201e-06,-0.000266818706005342,0.017000576767404553,0.017000232845895448,5.061271762090024e-06,0.21472750940675225,0.6399034131305307,504574DB2F92E127BAA6F699C7B21A4051435479A9B16A731501C6555F2FE6BB,True,0.5,-1.8860892300196289e-06,-2.0793906668708504e-06,1.9330143685122156e-07,4.41439873127523e-05,4.6223377979623154e-05,0.004181897673866143,-0.00023094936719254833,-0.0002666763659869131,3.572699879436479e-05,0.000391489776045678,0.0006581661420325912,0.05428264462834622,True,2,True
17700,17701,88.505,0.0030783121420674374,0.022938218426050774,0.005,4.34826172934785e-05,0.00038648354884962863,4.587643685210155e-05,0.0006528266860208969,-2.3938195586230493e-06,-0.00026634313717126826,0.016976974722379204,0.016976667542524096,4.957685303531045e-06,0.21418785411899888,0.6396331041627679,504574DB2F92E127BAA6F699C7B21A4051435479A9B16A731501C6555F2FE6BB,True,0.5,-2.150596903161689e-06,-2.297879393698125e-06,1.472824905364362e-07,4.369429068036609e-05,4.599217007406421e-05,0.003202338361057057,-0.00023146644392532667,-0.0002665809215883051,3.511447766297844e-05,0.00038806631220572564,0.0006546472337940307,0.05363877803236297,True,2,True
17800,17801,89.005,0.0030771305092611896,0.02282257527903051,0.005,4.311058360258e-05,0.0003838092336483256,4.564515055806102e-05,0.0006489684849584421,-2.534566955481023e-06,-0.0002651592513101165,0.016956959721067175,0.016956696861849557,4.849946996949031e-06,0.2136472573146237,0.6391339795476177,504574DB2F92E127BAA6F699C7B21A4051435479A9B16A731501C6555F2FE6BB,True,0.5,-2.3632656124955576e-06,-2.4641932570520363e-06,1.009276445564787e-07,4.329660044802925e-05,4.576079370508128e-05,0.0022055483829003537,-0.00023128629404052525,-0.0002657511942406924,3.446490020016712e-05,0.0003851463912489771,0.0006508975854896694,0.052949804959315096,True,2,True
17900,17901,89.505,0.0030758677173428855,0.022707346992481434,0.005,4.278819666570356e-05,0.00038159782257759,4.541469398496287e-05,0.0006449217924818662,-2.626497319259306e-06,-0.0002633239699042762,0.016941213760988453,0.01694100126981009,4.739835222994093e-06,0.21310723588128785,0.6384047944886072,504574DB2F92E127BAA6F699C7B21A4051435479A9B16A731501C6555F2FE6BB,True,0.5,-2.5255838366081487e-06,-2.5805321373701645e-06,5.49483007620158e-08,4.294939013414178e-05,4.5529922271511945e-05,0.001206861290786717,-0.00023045657309815615,-0.00026424161060719634,3.378503750904019e-05,0.0003827035281129578,0.0006469451387201542,0.05222241498850556,True,2,True
18000,18001,90.005,0.00307454809701202,0.022592832763281653,0.005,4.251354902553855e-05,0.0003798180345835748,4.5185665526563305e-05,0.0006407161753297401,-2.6721165010247535e-06,-0.00026089814074616534,0.016930261532323552,0.016930103812890528,4.628697488318586e-06,0.21256920173572488,0.6380624668003003,504574DB2F92E127BAA6F699C7B21A4051435479A9B16A731501C6555F2FE6BB,True,0.5,-2.6392406617314554e-06,-2.6493069101420297e-06,1.0066248410574318e-08,4.265087284562106e-05,4.530017975576309e-05,0.00022221210743195098,-0.00022902845839956054,-0.00026211105532522073,3.308259692566019e-05,0.0003807079285805824,0.0006428189839058032,0.051464872310784185,True,2,True
18100,18101,90.505,0.0030731950404244797,0.02247930490854917,0.005,4.228453202470477e-05,0.00037843633369745856,4.495860981709834e-05,0.0006363817132205615,-2.674077792393568e-06,-0.0002579453795231029,0.016924457823168967,0.016924357561294023,4.517266312035423e-06,0.21203445431603407,0.6385882781572721,504574DB2F92E127BAA6F699C7B21A4051435479A9B16A731501C6555F2FE6BB,True,0.5,-2.7061131750803075e-06,-2.673097146709161e-06,-3.30160283711466e-08,4.239904052512166e-05,4.507213767183082e-05,0.0007325152539144145,-0.00022705570946496972,-0.00025942176013463413,3.236605066966441e-05,0.0003791271841405167,0.0006385489442751508,0.05068687523460672,True,3,True
18200,18201,91.005,0.0030718309128854654,0.022367008067538302,0.005,4.209887579010328e-05,0.0003774176740093921,4.473401613507661e-05,0.0006319485374092179,-2.635140344973325e-06,-0.00025453086339982585,0.016923980132983515,0.016923938253836528,4.405666138575736e-06,0.2115041752190169,0.6402119665813577,504574DB2F92E127BAA6F699C7B21A4051435479A9B16A731501C6555F2FE6BB,True,0.5,-2.7282550780285963e-06,-2.6546090686834466e-06,-7.364600934514978e-08,4.219170390740403e-05,4.4846312976087474e-05,0.001642186491103931,-0.00022459368202173285,-0.00025623812146146436,3.164443943973151e-05,0.0003779270038534253,0.0006341651253148897,0.04989936875513095,True,3,True
18300,18301,91.505,0.003070476969582599,0.022256158895927997,0.005,4.195418813271567e-05,0.0003767262499124421,4.451231779185599e-05,0.000627446375720947,-2.5581296591403223e-06,-0.0002507201258085049,0.016928827056250588,0.016928842703219604,4.293693374168875e-06,0.21097942504390327,0.6418168255718795,504574DB2F92E127BAA6F699C7B21A4051435479A9B16A731501C6555F2FE6BB,True,0.5,-2.7078866057326373e-06,-2.5966350020568236e-06,-1.1125160367581369e-07,4.202653196140947e-05,4.4623166963466296e-05,0.0024931355447473545,-0.000221698343220611,-0.0002526254946041654,3.0927151383554384e-05,0.0003770719619609171,0.0006296974565650824,0.04911430252911925,True,3,True
18400,18401,92.005,0.0030691532767100904,0.022146946226478163,0.005,4.1847991465514446e-05,0.00037632623224153987,4.429389245295633e-05,0.0006229041321922913,-2.445900987441882e-06,-0.0002465778999507514,0.016938821906250807,0.016938892434665415,4.181337784434288e-06,0.2104611423825223,0.6434010114888093,504574DB2F92E127BAA6F699C7B21A4051435479A9B16A731501C6555F2FE6BB,True,0.5,-2.6473857450172444e-06,-2.502015323291102e-06,-1.4537042172614237e-07,4.190108979911506e-05,4.4403105122406156e-05,0.0032738796380433156,-0.00021842533889966653,-0.0002486490128796281,3.0223673979961588e-05,0.000376526241076991,0.0006251752539566191,0.048344322313913606,True,3,True
18500,18501,92.505,0.0030678786364447107,0.022039531646355144,0.005,4.177775712855911e-05,0.0003761824730701607,4.407906329271029e-05,0.0006183495270506705,-2.301306164151178e-06,-0.0002421670539805098,0.016953619942570216,0.01695374093239364,4.069357479817486e-06,0.2099501447789696,0.6449623517762663,504574DB2F92E127BAA6F699C7B21A4051435479A9B16A731501C6555F2FE6BB,True,0.5,-2.5492805307593402e-06,-2.37360357579653e-06,-1.756769549628104e-07,4.181287429703678e-05,4.4186477872833305e-05,0.0039758080621044465,-0.00021482916024603838,-0.0002443724769656306,2.9543316719592215e-05,0.0003762543526558503,0.0006206268296214809,0.047602384089019525,True,3,True
18600,18601,93.005,0.003066670515527658,0.02193405042257386,0.005,4.17409367995446e-05,0.000376261164220075,4.3868100845147724e-05,0.0006138088181112446,-2.127164045603126e-06,-0.00023754765389116963,0.016972717145867018,0.01697288245287654,3.9595973059395e-06,0.20944713138438473,0.6464982833469839,504574DB2F92E127BAA6F699C7B21A4051435479A9B16A731501C6555F2FE6BB,True,0.5,-2.416241834105569e-06,-2.214235104877152e-06,-2.0200672922841693e-07,4.1759346964051854e-05,4.3973582068929006e-05,0.004593820192127388,-0.00021096244756256544,-0.0002398573539358397,2.889490637327427e-05,0.0003762218186451179,0.0006160791725809576,0.04690128746314217,True,3,True
18700,18701,93.505,0.0030655449777456565,0.02183061269496057,0.005,4.17349909190944e-05,0.00037653043660190337,4.3661225389921144e-05,0.0006093066167883515,-1.9262344708267416e-06,-0.00023277618018644814,0.016995459402848245,0.016995661280470028,3.85475005380854e-06,0.20895268696506666,0.6480057943315616,504574DB2F92E127BAA6F699C7B21A4051435479A9B16A731501C6555F2FE6BB,True,0.5,-2.2510755640029606e-06,-2.026699258214934e-06,-2.2437630578802677e-07,4.1737963859319504e-05,4.376466311753443e-05,0.005126882964583584,-0.00020687545522658085,-0.00023516191703880888,2.8286461812228032e-05,0.0003763958004109892,0.0006115577174497981,0.04625313523992938,True,3,True
18800,18801,94.005,0.003064516621405667,0.021729304851470725,0.005,4.175741423761566e-05,0.0003769608890484129,4.345860970294145e-05,0.0006048657994776495,-1.7011954653257925e-06,-0.00022790491042923658,0.017021053174248475,0.01702128249958375,3.75746083514094e-06,0.20846728688919383,0.6494813803960722,504574DB2F92E127BAA6F699C7B21A4051435479A9B16A731501C6555F2FE6BB,True,0.5,-2.0567126799786797e-06,-1.813714968076267e-06,-2.429977119024127e-07,4.174620257835503e-05,4.35599175464313e-05,0.005578470428540116,-0.00020261568697969162,-0.00023034054530784236,2.7724858328150736e-05,0.0003767456628251581,0.0006070862081330005,0.045668733627492936,True,3,True
18900,18901,94.505,0.0030635985239038984,0.0216301910037004,0.005,4.180575867013145e-05,0.0003775260361930848,4.3260382007400806e-05,0.000600507497916227,-1.4546233372693572e-06,-0.00022298146172314222,0.017048581238666885,0.017048827861167543,3.6690311216541297e-06,0.20799130272057242,0.6509210288716231,504574DB2F92E127BAA6F699C7B21A4051435479A9B16A731501C6555F2FE6BB,True,0.5,-1.8361950035374747e-06,-1.5779094012975748e-06,-2.5828560223989985e-07,4.178158645387355e-05,4.335949585517113e-05,0.005956840529295413,-0.00019822769554064812,-0.0002254431860761894,2.721549053554128e-05,0.00037724346262074887,0.0006026866486969382,0.045156949460193906,True,3,True
19000,19001,95.005,0.0030628021965676882,0.021533314491779018,0.005,4.187765361756396e-05,0.000378202665233344,4.306662898355804e-05,0.0005962511329113089,-1.1889753659940765e-06,-0.00021804846767796491,0.017077028475373988,0.01707728167736024,3.5883270091804134e-06,0.20752500809193583,0.652320241908022,504574DB2F92E127BAA6F699C7B21A4051435479A9B16A731501C6555F2FE6BB,True,0.5,-1.5926546724203544e-06,-1.3217993516317168e-06,-2.708553207886376e-07,4.184170614384771e-05,4.3163505495479425e-05,0.006275100172691133,-0.00019375302384276594,-0.00022051496470055357,2.676194085778763e-05,0.00037786435071321444,0.000598379315413768,0.0447240407019789,True,3,True
19100,19101,95.505,0.0030621375538973697,0.021438699369297654,0.005,4.197082378462423e-05,0.00037897109133910504,4.2877398738595307e-05,0.0005921144403109707,-9.065749539710784e-07,-0.00021314334897186562,0.017105321669447924,0.017105570694981077,3.511582895822033e-06,0.20706858462498676,0.6536741039590785,504574DB2F92E127BAA6F699C7B21A4051435479A9B16A731501C6555F2FE6BB,True,0.5,-1.3292853406369695e-06,-1.0477751599825774e-06,-2.815101806543921e-07,4.1924238701094095e-05,4.297201386107667e-05,0.00655101205087759,-0.00018923024496272922,-0.00021559590832491527,2.6365663362186046e-05,0.00037858687828622455,0.0005941827866111398,0.04437298413264357,True,4,True
19200,19201,96.005,0.003061612901910948,0.021346351851653508,0.005,4.2083104319461066e-05,0.0003798153014187933,4.2692703703307015e-05,0.000588113433334123,-6.095993838459488e-07,-0.00020829813191532967,0.01713238369454088,0.017132618282638085,3.4334502350211706e-06,0.20662212781623127,0.6549773913091534,504574DB2F92E127BAA6F699C7B21A4051435479A9B16A731501C6555F2FE6BB,True,0.5,-1.0493039728437861e-06,-7.580871689085136e-07,-2.9121680393527253e-07,4.2026964052042644e-05,4.2785051220951164e-05,0.006806508245867619,-0.00018469503528829173,-0.00021072074044359765,2.6025705155305914e-05,0.00037939319637894913,0.0005901139368225468,0.044102847825354966,True,4,True
19300,19301,96.505,0.003061234950250927,0.0212562617526584,0.005,4.2212452855998335e-05,0.000380722976425205,4.25125235053168e-05,0.0005842622561851614,-3.000706493184679e-07,-0.0002035392797599564,0.017157197215527373,0.017157408076940578,3.349009733227839e-06,0.20618565300552993,0.6562247151836798,504574DB2F92E127BAA6F699C7B21A4051435479A9B16A731501C6555F2FE6BB,True,0.5,-7.559033200418841e-07,-4.5483501658220835e-07,-3.0106830345967575e-07,4.2147778587729704e-05,4.260261360431191e-05,0.007066897497321712,-0.0001801801979902165,-0.00020591870583764303,2.5738507847426523e-05,0.00038026913892199915,0.0005861878447596422,0.043908293352586024,True,4,True
19400,19401,97.005,0.003061008851858362,0.021168403976158413,0.005,4.235695780260884e-05,0.0003816853838605327,4.233680795231683e-05,0.0005805729094573863,2.0149850292008908e-08,-0.00019888752559685355,0.017178868588692133,0.01717904779088139,3.255941676278497e-06,0.2057591017484204,0.6574106874923304,504574DB2F92E127BAA6F699C7B21A4051435479A9B16A731501C6555F2FE6BB,True,0.5,-4.5219678512960215e-07,-1.399603995132295e-07,-3.1223638561637265e-07,4.2284705329303586e-05,4.242466572881681e-05,0.007359784225813879,-0.0001757155529999721,-0.00020121340267840497,2.5497849678432868e-05,0.00038120418014286883,0.0005824175828212739,0.043779326776021074,True,4,True
19500,19501,97.505,0.003060938272290214,0.021082740158892842,0.005,4.251484203849871e-05,0.0003826971350044919,4.216548031778569e-05,0.0005770548609836025,3.493617207130201e-07,-0.00019435772597911058,0.017196681295888763,0.017196822553656066,3.155927485654915e-06,0.20534234906074705,0.6585300991760059,504574DB2F92E127BAA6F699C7B21A4051435479A9B16A731501C6555F2FE6BB,True,0.5,-1.4115913629653143e-07,1.847557855025145e-07,-3.2591492179904593e-07,4.2435899920553776e-05,4.225114413505126e-05,0.007680169912955928,-0.0001713276345311418,-0.00019662262578798206,2.529499125684026e-05,0.0003821912594325123,0.0005788138852204944,0.043701424417633555,True,4,True
19600,19601,98.005,0.0030610254882744354,0.020999220565413007,0.005,4.2684461094610884e-05,0.00038375580581717525,4.1998441130826014e-05,0.000573714585651733,6.860199637848704e-07,-0.00018995877983455771,0.017210130839268863,0.0172102297306804,3.054607556176276e-06,0.20493521203254947,0.6595781024624283,504574DB2F92E127BAA6F699C7B21A4051435479A9B16A731501C6555F2FE6BB,True,0.5,1.7443196844314085e-07,5.176908422489453e-07,-3.432588738058044e-07,4.2599651566554796e-05,4.208196072430585e-05,0.008057785948542798,-0.00016703918695967074,-0.00019215825290683415,2.5119065947163408e-05,0.00038322647041083357,0.0005753847233176677,0.04365612246763679,True,4,True
19700,19701,98.505,0.003061271512179672,0.020917786309508038,0.005,4.286429493984336e-05,0.0003848614263614436,4.1835572619016075e-05,0.0005705550946992522,1.0287223208272874e-06,-0.00018569366833780856,0.01721893843753154,0.017218992564344275,2.9599013115566506e-06,0.2045374601852093,0.6605503859649415,504574DB2F92E127BAA6F699C7B21A4051435479A9B16A731501C6555F2FE6BB,True,0.5,4.920478104729689e-07,8.573711423060789e-07,-3.6532333183311e-07,4.277437801722712e-05,4.191700687492104e-05,0.008540704710796222,-0.00016286851180993822,-0.00018782622408618314,2.4957712276244914e-05,0.00038430861608930943,0.0005721348401754925,0.043622080886718186,True,4,True
19800,19801,99.005,0.0030616762361668254,0.02083837192293251,0.005,4.305293268022062e-05,0.00038601585055839625,4.167674384586502e-05,0.0005675755153118838,1.3761888343555976e-06,-0.00018155966475348758,0.0172230467426303,0.01722305583247835,2.8791605451971052e-06,0.20414882768672715,0.661443323138414,504574DB2F92E127BAA6F699C7B21A4051435479A9B16A731501C6555F2FE6BB,True,0.5,8.094479743070079e-07,1.2024555775914425e-06,-3.9300760328443455e-07,4.2958613810031995e-05,4.175615823244055e-05,0.00914851687306206,-0.0001588287731510568,-0.00018362666654564807,2.4797893394591257e-05,0.0003854386384599199,0.000569065305005568,0.04357653361831402,True,4,True
19900,19901,99.505,0.003062238587338089,0.02076090822348211,0.005,4.324904980367445e-05,0.00038722202548697223,4.152181644696422e-05,0.0005647707683842733,1.7272333567102291e-06,-0.0001775487428973011,0.017222604319548338,0.017222570239797667,2.8163342566123623e-06,0.2037690272022817,0.6622540620550127,504574DB2F92E127BAA6F699C7B21A4051435479A9B16A731501C6555F2FE6BB,True,0.5,1.1247023425269356e-06,1.5517110955329133e-06,-4.270087530059777e-07,4.315099124194754e-05,4.159928014641462e-05,0.009895688157237,-0.00015492739890080043,-0.00017955420382539434,2.4626804924593915e-05,0.00038661893802268424,0.0005661731418480785,0.04349695014533564,True,4,True
20000,20001,100.005,0.003062956683543696,0.020685325366307034,0.005,4.345137804267879e-05,0.0003884831864491168,4.1370650732614066e-05,0.0005621313744810756,2.0807273100647205e-06,-0.0001736481880319588,0.017217945155243646,0.017217871797427807,2.7705828452027027e-06,0.20339776481715346,0.6634938829443502,504574DB2F92E127BAA6F699C7B21A4051435479A9B16A731501C6555F2FE6BB,True,0.5,1.4361924112141905e-06,1.9039803333874748e-06,-4.677879221732843e-07,4.3350213923176614e-05,4.144623358978914e-05,0.010790902277951337,-0.0001511657143501502,-0.00017559846546462996,2.4432751114479762e-05,0.0003878526059680445,0.0005634510714326744,0.04336268462912876,True,4,True
